product_id,design_id,units,revenue,period_start
5001,1000,146,4378.54,2026-04-16T08:27:00+00:00
5002,1001,21,629.79,2026-02-18T19:23:00+00:00
5003,1002,27,809.73,2026-02-25T06:37:00+00:00
5004,1003,119,3568.81,2026/01/19 22:12
5005,1006,61,1829.39,2026-03-19T15:58:00+00:00
5006,1008,58,1739.42,2026-04-23T15:13:00+00:00
5007,1010,0,0.0,2026-06-22T07:19:00+00:00
5008,1012,25,749.75,2026-02-06T12:53:00+00:00
5009,1014,2,59.98,2026-05-08T17:12:00+00:00
5010,1015,8,239.92,2026/04/06 16:14
5011,1016,161,4828.39,2026/05/18 14:22
5012,1018,9,269.91,2026-04-21T16:48:00+00:00
5013,1019,64,1919.36,2026/01/19 20:36
5014,1022,60,1799.4,2026-04-01T20:11:00+00:00
5015,1024,0,0.0,2026-04-14T03:51:00+00:00
5016,1027,118,3538.82,2026-05-01T03:48:00+00:00
5017,1028,64,1919.36,2026-06-22T23:48:00+00:00
5018,1032,9,269.91,2026-02-17T21:56:00+00:00
5019,1035,11,329.89,2026/04/10 07:09
5020,1037,1,29.99,2026-03-07T08:11:00+00:00
5021,1038,38,1139.62,2026-01-25T13:24:00+00:00
5022,1039,0,0.0,2026-06-10T13:21:00+00:00
5023,1040,119,3568.81,2026-02-13T11:35:00+00:00
5024,1041,149,4468.51,2026-05-12T10:24:00+00:00
5025,1043,0,0.0,2026-06-03T17:04:00+00:00
5026,1044,0,0.0,2026-03-26T10:36:00+00:00
5027,1045,89,2669.11,2026-04-13T22:36:00+00:00
5028,1046,34,1019.66,2026-05-05T16:22:00+00:00
5029,1048,138,4138.62,2026-04-09T01:09:00+00:00
5030,1049,95,2849.05,2026-02-03T02:21:00+00:00
5031,1051,128,3838.72,2026-06-07T15:02:00+00:00
5032,1055,24,719.76,2026-06-04T09:08:00+00:00
5033,1057,32,959.68,2026-02-09T09:53:00+00:00
5034,1059,153,4588.47,2026-06-07T20:35:00+00:00
5035,1060,107,3208.93,2026-03-17T22:28:00+00:00
5036,1062,100,2999.0,2026-01-29T13:18:00+00:00
5037,1064,104,3118.96,2026-05-20T15:09:00+00:00
5038,1067,0,0.0,2026-05-28T12:31:00+00:00
5039,1068,8,239.92,2026-03-26T10:40:00+00:00
5040,1070,41,1229.59,2026-04-20T02:45:00+00:00
5041,1072,84,2519.16,2026-01-19T10:23:00+00:00
5042,1074,86,2579.14,2026-06-19T03:20:00+00:00
5043,1075,7,209.93,2026-03-09T23:08:00+00:00
5044,1076,97,2909.03,2026-03-09T22:57:00+00:00
5045,1077,159,4768.41,2026/04/19 21:14
5046,1078,34,1019.66,2026-02-18T21:36:00+00:00
5047,1080,121,3628.79,2026-04-09T00:24:00+00:00
5048,1081,120,3598.8,2026-05-20T06:02:00+00:00
5049,1082,14,419.86,2026-04-05T19:55:00+00:00
5050,1083,94,2819.06,2026/03/25 13:13
5051,1086,57,1709.43,2026-01-20T02:55:00+00:00
5052,1088,0,0.0,2026-03-29T12:49:00+00:00
5053,1090,92,2759.08,2026-03-15T20:11:00+00:00
5054,1091,120,3598.8,2026-03-28T15:37:00+00:00
5055,1093,99,2969.01,2026-04-28T05:38:00+00:00
5056,1097,0,0.0,2026-03-11T09:24:00+00:00
5057,1098,139,4168.61,2026-05-20T06:19:00+00:00
5058,1101,0,0.0,2026-05-19T22:15:00+00:00
5059,1102,128,3838.72,2026-02-28T00:54:00+00:00
5060,1104,0,0.0,2026/06/16 11:21
5061,1105,24,719.76,2026-06-14T21:44:00+00:00
5062,1106,59,1769.41,2026-05-07T08:02:00+00:00
5063,1109,116,3478.84,2026-05-17T16:46:00+00:00
5064,1110,48,1439.52,2026-04-20T12:51:00+00:00
5065,1113,9,269.91,2026-01-30T23:27:00+00:00
5066,1115,27,809.73,2026-05-16T21:54:00+00:00
5067,1116,118,3538.82,2026-05-12T21:18:00+00:00
5068,1117,3,89.97,2026-04-16T13:28:00+00:00
5069,1119,8,239.92,2026-02-16T01:14:00+00:00
5070,1120,31,929.69,2026-05-17T10:10:00+00:00
5071,1121,130,3898.7,2026-04-19T14:36:00+00:00
5072,1122,143,4288.57,2026-05-25T06:24:00+00:00
5073,1123,153,4588.47,2026-01-24T21:07:00+00:00
5074,1125,102,3058.98,2026-03-08T07:03:00+00:00
5075,1126,0,0.0,2026-01-23T18:40:00+00:00
5076,1128,119,3568.81,2026-01-16T19:08:00+00:00
5077,1129,0,0.0,2026-06-22T12:46:00+00:00
5078,1130,17,509.83,2026-05-09T23:59:00+00:00
5079,1131,0,0.0,2026-05-02T05:39:00+00:00
5080,1132,42,1259.58,2026-03-02T02:34:00+00:00
5081,1134,106,3178.94,2026-02-06T10:41:00+00:00
5082,1137,2,59.98,2026-01-31T00:05:00+00:00
5083,1138,114,3418.86,2026-03-17T02:46:00+00:00
5084,1139,141,4228.59,2026-05-28T10:08:00+00:00
5085,1140,8,239.92,2026-03-06T12:11:00+00:00
5086,1141,120,3598.8,2026-05-12T11:04:00+00:00
5087,1143,24,719.76,2026/04/26 18:32
5088,1144,16,479.84,2026-01-22T14:31:00+00:00
5089,1145,21,629.79,2026-04-21T16:20:00+00:00
5090,1146,109,3268.91,2026-04-11T11:25:00+00:00
5091,1152,134,4018.66,2026-04-05T14:37:00+00:00
5092,1153,111,3328.89,2026-01-29T18:33:00+00:00
5093,1154,0,0.0,2026-04-18T16:07:00+00:00
5094,1155,0,0.0,2026-04-18T03:48:00+00:00
5095,1156,147,4408.53,2026-01-29T17:47:00+00:00
5096,1157,155,4648.45,2026-04-22T01:27:00+00:00
5097,1158,89,2669.11,2026-02-03T12:30:00+00:00
5098,1159,131,3928.69,2026-04-12T14:38:00+00:00
5099,1160,0,0.0,2026-03-28T22:38:00+00:00
5100,1162,0,0.0,2026/02/28 08:03
5101,1163,43,1289.57,2026-03-04T22:24:00+00:00
5102,1164,46,1379.54,2026-04-24T23:03:00+00:00
5103,1165,0,0.0,2026-03-17T11:56:00+00:00
5104,1166,7,209.93,2026-03-11T12:54:00+00:00
5105,1169,22,659.78,2026/03/27 07:06
5106,1171,0,0.0,2026-02-07T10:10:00+00:00
5107,1172,53,1589.47,2026-04-28T12:36:00+00:00
5108,1174,4,119.96,2026-04-08T04:52:00+00:00
5109,1175,33,989.67,2026-03-13T22:05:00+00:00
5110,1176,0,0.0,2026-03-20T17:54:00+00:00
5111,1179,108,3238.92,2026/03/03 01:35
5112,1180,101,3028.99,2026-02-24T01:40:00+00:00
5113,1181,0,0.0,2026-04-22T04:14:00+00:00
5114,1182,1,29.99,2026/06/05 12:41
5115,1183,0,0.0,2026-04-23T17:22:00+00:00
5116,1184,153,4588.47,2026-02-22T08:32:00+00:00
5117,1186,108,3238.92,2026-04-08T22:47:00+00:00
5118,1187,9,269.91,2026-02-08T09:48:00+00:00
5119,1188,148,4438.52,2026-03-20T16:13:00+00:00
5120,1190,13,389.87,2026-06-15T05:24:00+00:00
5121,1191,122,3658.78,2026-02-01T08:43:00+00:00
5122,1194,115,3448.85,2026-02-24T01:28:00+00:00
5123,1195,0,0.0,2026/04/02 08:48
5124,1197,98,2939.02,2026-05-22T11:09:00+00:00
5125,1198,0,0.0,2026-04-28T01:20:00+00:00
5126,1199,97,2909.03,2026-04-26T03:09:00+00:00
5127,1201,70,2099.3,2026-02-21T05:34:00+00:00
5128,1202,121,3628.79,2026-03-13T04:58:00+00:00
5129,1204,36,1079.64,2026-03-10T12:29:00+00:00
5130,1205,0,0.0,2026-03-24T04:10:00+00:00
5131,1207,20,599.8,2026-02-26T16:43:00+00:00
5132,1208,39,1169.61,2026-05-01T09:11:00+00:00
5133,1209,95,2849.05,2026/02/02 18:24
5134,1210,56,1679.44,2026-05-22T10:38:00+00:00
5135,1211,0,0.0,2026-01-23T07:49:00+00:00
5136,1212,11,329.89,2026-03-29T13:14:00+00:00
5137,1213,106,3178.94,2026-02-02T20:26:00+00:00
5138,1215,27,809.73,2026-05-06T03:43:00+00:00
5139,1218,0,0.0,2026-03-24T18:37:00+00:00
5140,1219,5,149.95,2026-06-16T22:54:00+00:00
5141,1222,116,3478.84,2026-02-20T23:00:00+00:00
5142,1223,0,0.0,2026-01-25T20:32:00+00:00
5143,1225,47,1409.53,2026-01-27T12:19:00+00:00
5144,1228,0,0.0,2026/02/12 22:38
5145,1229,17,509.83,2026-03-14T16:38:00+00:00
5146,1231,0,0.0,2026-04-04T08:05:00+00:00
5147,1233,129,3868.71,2026/05/16 09:04
5148,1236,0,0.0,2026/02/03 21:44
5149,1237,123,3688.77,2026-06-16T01:41:00+00:00
5150,1240,0,0.0,2026-03-16T11:36:00+00:00
5151,1241,49,1469.51,2026-01-18T00:27:00+00:00
5152,1242,84,2519.16,2026-02-19T07:02:00+00:00
5153,1243,37,1109.63,2026-04-29T12:18:00+00:00
5154,1245,0,0.0,2026-04-05T23:32:00+00:00
5155,1247,44,1319.56,2026-02-27T03:37:00+00:00
5156,1249,153,4588.47,2026-04-20T03:18:00+00:00
5157,1250,0,0.0,2026-06-06T17:14:00+00:00
5158,1256,114,3418.86,2026-04-25T14:50:00+00:00
5159,1257,53,1589.47,2026-06-16T15:39:00+00:00
5160,1258,0,0.0,2026-06-11T18:03:00+00:00
5161,1259,137,4108.63,2026-03-11T00:13:00+00:00
5162,1260,109,3268.91,2026/06/05 03:42
5163,1261,31,929.69,2026-04-20T23:59:00+00:00
5164,1262,22,659.78,2026-05-01T02:16:00+00:00
5165,1263,88,2639.12,2026-04-09T17:26:00+00:00
5166,1264,172,5158.28,2026/03/28 01:46
5167,1267,134,4018.66,2026-02-13T01:06:00+00:00
5168,1270,1,29.99,2026-05-15T06:12:00+00:00
5169,1271,17,509.83,2026-03-13T13:27:00+00:00
5170,1273,111,3328.89,2026-04-14T08:20:00+00:00
5171,1274,137,4108.63,2026-06-17T17:56:00+00:00
5172,1275,58,1739.42,2026/03/29 16:27
5173,1276,131,3928.69,2026-04-28T06:07:00+00:00
5174,1278,0,0.0,2026-05-31T15:30:00+00:00
5175,1282,0,0.0,2026-06-24T20:08:00+00:00
5176,1283,125,3748.75,2026-04-22T21:31:00+00:00
5177,1286,55,1649.45,2026-06-17T19:17:00+00:00
5178,1287,138,4138.62,2026-06-23T17:36:00+00:00
5179,1289,42,1259.58,2026-04-06T16:43:00+00:00
5180,1290,4,119.96,2026-06-11T16:39:00+00:00
5181,1291,100,2999.0,2026-03-26T13:27:00+00:00
5182,1292,77,2309.23,2026-03-22T13:27:00+00:00
5183,1295,150,4498.5,2026-01-21T01:29:00+00:00
5184,1296,141,4228.59,2026-06-09T12:21:00+00:00
5185,1297,8,239.92,2026-05-19T23:51:00+00:00
5186,1298,0,0.0,2026-05-11T12:47:00+00:00
5187,1300,35,1049.65,2026-06-05T09:01:00+00:00
5188,1301,17,509.83,2026-04-19T09:41:00+00:00
5189,1302,22,659.78,2026-05-29T05:52:00+00:00
5190,1303,0,0.0,2026-04-01T15:08:00+00:00
5191,1305,79,2369.21,2026-06-20T08:36:00+00:00
5192,1307,8,239.92,2026-03-26T08:54:00+00:00
5193,1308,40,1199.6,2026/01/22 20:39
5194,1309,130,3898.7,2026-05-10T10:22:00+00:00
5195,1310,17,509.83,2026-04-18T23:27:00+00:00
5196,1311,116,3478.84,2026-06-23T14:39:00+00:00
5197,1314,18,539.82,2026-06-07T15:57:00+00:00
5198,1315,4,119.96,2026-03-09T15:59:00+00:00
5199,1316,8,239.92,2026-05-30T21:10:00+00:00
5200,1320,100,2999.0,2026-01-15T09:17:00+00:00
5201,1321,8,239.92,2026-05-16T22:12:00+00:00
5202,1323,103,3088.97,2026-06-24T17:41:00+00:00
5203,1326,0,0.0,2026-04-09T06:14:00+00:00
5204,1327,32,959.68,2026-01-29T14:56:00+00:00
5205,1328,134,4018.66,2026-05-06T07:56:00+00:00
5206,1329,128,3838.72,2026-03-31T14:41:00+00:00
5207,1330,142,4258.58,2026-02-03T11:35:00+00:00
5208,1331,142,4258.58,2026-01-19T13:38:00+00:00
5209,1332,18,539.82,2026-03-07T13:48:00+00:00
5210,1334,144,4318.56,2026-05-20T08:36:00+00:00
5211,1335,120,3598.8,2026-03-05T13:32:00+00:00
5212,1336,142,4258.58,2026-01-25T08:02:00+00:00
5213,1337,33,989.67,2026-01-20T18:48:00+00:00
5214,1339,114,3418.86,2026-02-24T21:18:00+00:00
5215,1341,97,2909.03,2026-02-09T01:21:00+00:00
5216,1343,34,1019.66,2026-01-29T10:50:00+00:00
5217,1344,32,959.68,2026-05-15T09:25:00+00:00
5218,1345,30,899.7,2026-05-06T05:33:00+00:00
5219,1348,0,0.0,2026-01-31T17:53:00+00:00
5220,1349,117,3508.83,2026-04-17T09:21:00+00:00
5221,1350,19,569.81,2026-03-16T10:14:00+00:00
5222,1351,112,3358.88,2026/06/23 11:01
5223,1353,135,4048.65,2026/01/29 02:27
5224,1354,14,419.86,2026-04-13T23:45:00+00:00
5225,1355,26,779.74,2026/05/25 20:30
5226,1356,107,3208.93,2026-03-22T02:29:00+00:00
5227,1357,0,0.0,2026-06-22T02:38:00+00:00
5228,1358,121,3628.79,2026-04-01T14:36:00+00:00
5229,1359,133,3988.67,2026-02-15T13:05:00+00:00
5230,1362,125,3748.75,2026-05-12T15:30:00+00:00
5231,1363,103,3088.97,2026-03-24T23:43:00+00:00
5232,1364,3,89.97,2026-02-13T01:25:00+00:00
5233,1366,132,3958.68,2026-05-17T03:19:00+00:00
5234,1367,41,1229.59,2026-03-04T23:08:00+00:00
5235,1368,0,0.0,2026-06-02T09:22:00+00:00
5236,1369,12,359.88,2026-01-28T03:38:00+00:00
5237,1370,64,1919.36,2026/02/06 12:39
5238,1371,9,269.91,2026-03-16T18:43:00+00:00
5239,1374,137,4108.63,2026-04-17T17:00:00+00:00
5240,1375,136,4078.64,2026-06-03T06:32:00+00:00
5241,1376,115,3448.85,2026/05/28 22:51
5242,1377,115,3448.85,2026-02-15T08:28:00+00:00
5243,1378,64,1919.36,2026-03-05T00:41:00+00:00
5244,1379,120,3598.8,2026-04-25T21:58:00+00:00
5245,1381,0,0.0,2026-02-01T11:09:00+00:00
5246,1383,48,1439.52,2026-04-10T13:25:00+00:00
5247,1384,40,1199.6,2026-03-05T05:23:00+00:00
5248,1385,126,3778.74,2026/04/09 12:33
5249,1386,23,689.77,2026-04-19T00:22:00+00:00
5250,1387,26,779.74,2026-06-23T03:24:00+00:00
5251,1388,22,659.78,2026-04-17T21:35:00+00:00
5252,1391,53,1589.47,2026-02-15T07:44:00+00:00
5253,1392,31,929.69,2026-02-11T14:58:00+00:00
5254,1393,24,719.76,2026-02-26T18:18:00+00:00
5255,1394,109,3268.91,2026-05-02T22:56:00+00:00
5256,1395,117,3508.83,2026-01-28T11:12:00+00:00
5257,1396,101,3028.99,2026-05-31T14:29:00+00:00
5258,1397,0,0.0,2026-01-28T09:01:00+00:00
5259,1399,10,299.9,2026-05-09T00:13:00+00:00
5260,1401,14,419.86,2026-06-07T06:25:00+00:00
5261,1402,120,3598.8,2026-05-03T09:22:00+00:00
5262,1404,18,539.82,2026-03-01T03:49:00+00:00
5263,1405,9,269.91,2026/01/18 12:57
5264,1406,35,1049.65,2026-03-01T07:07:00+00:00
5265,1407,42,1259.58,2026-02-08T23:07:00+00:00
5266,1408,17,509.83,2026-05-12T23:46:00+00:00
5267,1409,38,1139.62,2026-04-03T03:59:00+00:00
5268,1413,124,3718.76,2026-03-21T02:21:00+00:00
5269,1414,130,3898.7,2026-05-31T20:45:00+00:00
5270,1415,74,2219.26,2026-05-22T16:41:00+00:00
5271,1416,136,4078.64,2026-03-13T11:38:00+00:00
5272,1417,129,3868.71,2026-03-02T03:23:00+00:00
5273,1419,0,0.0,2026-02-13T05:28:00+00:00
5274,1420,0,0.0,2026-05-24T00:22:00+00:00
5275,1421,45,1349.55,2026/02/21 13:29
5276,1423,146,4378.54,2026-05-25T19:02:00+00:00
5277,1424,29,869.71,2026-05-29T06:02:00+00:00
5278,1425,0,0.0,2026/02/25 07:22
5279,1427,0,0.0,2026-01-24T19:27:00+00:00
5280,1428,3,89.97,2026-06-05T04:45:00+00:00
5281,1429,115,3448.85,2026-03-03T07:20:00+00:00
5282,1433,40,1199.6,2026/05/21 09:32
5283,1437,19,569.81,2026-05-23T10:43:00+00:00
5284,1438,119,3568.81,2026/06/15 12:33
5285,1439,13,389.87,2026-03-18T14:43:00+00:00
5286,1440,12,359.88,2026-04-05T13:27:00+00:00
5287,1441,16,479.84,2026-05-14T04:25:00+00:00
5288,1442,39,1169.61,2026-05-15T12:06:00+00:00
5289,1445,150,4498.5,2026-04-30T04:05:00+00:00
5290,1447,104,3118.96,2026/06/13 16:49
5291,1448,40,1199.6,2026-03-21T21:29:00+00:00
5292,1450,77,2309.23,2026-03-30T01:08:00+00:00
5293,1452,0,0.0,2026-04-25T05:55:00+00:00
5294,1453,0,0.0,2026-04-23T22:17:00+00:00
5295,1454,129,3868.71,2026-05-19T20:22:00+00:00
5296,1455,21,629.79,2026-05-30T23:03:00+00:00
5297,1456,34,1019.66,2026-01-31T10:46:00+00:00
5298,1458,25,749.75,2026/02/01 16:36
5299,1459,141,4228.59,2026-02-15T12:41:00+00:00
5300,1461,47,1409.53,2026-02-08T12:17:00+00:00
5301,1464,87,2609.13,2026-02-16T04:08:00+00:00
5302,1465,1,29.99,2026-06-16T23:14:00+00:00
5303,1466,19,569.81,2026/01/18 01:35
5304,1467,93,2789.07,2026-02-06T22:29:00+00:00
5305,1468,9,269.91,2026/01/29 22:19
5306,1469,42,1259.58,2026-03-18T18:19:00+00:00
5307,1470,0,0.0,2026/03/08 20:24
5308,1471,11,329.89,2026-03-31T05:07:00+00:00
5309,1474,28,839.72,2026-01-19T11:29:00+00:00
5310,1475,135,4048.65,2026-02-26T04:40:00+00:00
5311,1476,79,2369.21,2026/04/26 23:21
5312,1477,34,1019.66,2026-03-19T01:51:00+00:00
5313,1478,0,0.0,2026-04-12T07:14:00+00:00
5314,1479,9,269.91,2026-04-07T15:24:00+00:00
5315,1481,0,0.0,2026-02-18T13:21:00+00:00
5316,1482,0,0.0,2026-06-04T01:27:00+00:00
5317,1485,10,299.9,2026-05-30T19:41:00+00:00
5318,1486,154,4618.46,2026-03-09T01:38:00+00:00
5319,1487,0,0.0,2026-02-15T22:37:00+00:00
5320,1488,150,4498.5,2026-04-13T03:19:00+00:00
5321,1489,0,0.0,2026-03-10T11:33:00+00:00
5322,1490,20,599.8,2026-05-18T22:48:00+00:00
5323,1491,0,0.0,2026-01-18T11:37:00+00:00
5324,1492,21,629.79,2026-06-16T13:37:00+00:00
5325,1493,0,0.0,2026/04/23 17:11
5326,1494,140,4198.6,2026-05-23T05:36:00+00:00
5327,1497,147,4408.53,2026-04-22T21:58:00+00:00
5328,1498,139,4168.61,2026-02-13T08:08:00+00:00
5329,1499,142,4258.58,2026-02-06T23:03:00+00:00
5330,1500,8,239.92,2026-04-03T15:53:00+00:00
5331,1503,0,0.0,2026-04-01T07:32:00+00:00
5332,1505,0,0.0,2026-06-09T21:23:00+00:00
5333,1506,0,0.0,2026-02-13T17:34:00+00:00
5334,1508,117,3508.83,2026-03-01T16:13:00+00:00
5335,1509,129,3868.71,2026/06/20 08:41
5336,1512,53,1589.47,2026-04-30T07:09:00+00:00
5337,1513,139,4168.61,2026-02-14T03:41:00+00:00
5338,1514,4,119.96,2026-03-09T01:21:00+00:00
5339,1515,98,2939.02,2026-05-20T09:47:00+00:00
5340,1517,46,1379.54,2026-02-06T17:31:00+00:00
5341,1518,12,359.88,2026-04-16T14:42:00+00:00
5342,1521,20,599.8,2026/06/17 03:13
5343,1522,116,3478.84,2026-03-02T23:47:00+00:00
5344,1525,126,3778.74,2026-06-03T07:42:00+00:00
5345,1526,144,4318.56,2026/03/28 15:18
5346,1527,119,3568.81,2026-02-12T05:59:00+00:00
5347,1528,22,659.78,2026-01-22T09:38:00+00:00
5348,1529,29,869.71,2026-01-19T15:59:00+00:00
5349,1531,0,0.0,2026-04-27T15:59:00+00:00
5350,1536,8,239.92,2026-04-20T14:25:00+00:00
5351,1538,7,209.93,2026-03-07T12:13:00+00:00
5352,1540,0,0.0,2026-06-08T20:27:00+00:00
5353,1541,134,4018.66,2026/04/21 15:14
5354,1544,187,5608.13,2026-01-19T00:05:00+00:00
5355,1545,12,359.88,2026/02/15 21:13
5356,1546,148,4438.52,2026-04-01T21:15:00+00:00
5357,1547,105,3148.95,2026-01-31T03:45:00+00:00
5358,1548,28,839.72,2026/06/18 09:24
5359,1549,117,3508.83,2026-02-25T22:24:00+00:00
5360,1550,113,3388.87,2026/05/31 08:08
5361,1554,0,0.0,2026-01-28T06:48:00+00:00
5362,1555,25,749.75,2026-04-30T13:16:00+00:00
5363,1556,118,3538.82,2026-03-15T12:45:00+00:00
5364,1557,29,869.71,2026-02-01T00:27:00+00:00
5365,1558,74,2219.26,2026-04-15T07:40:00+00:00
5366,1559,28,839.72,2026-06-20T08:18:00+00:00
5367,1560,42,1259.58,2026-05-03T02:27:00+00:00
5368,1562,152,4558.48,2026-03-05T03:32:00+00:00
5369,1564,121,3628.79,2026-02-14T19:17:00+00:00
5370,1565,9,269.91,2026-02-14T00:15:00+00:00
5371,1567,135,4048.65,2026/03/16 02:52
5372,1569,110,3298.9,2026-01-26T07:54:00+00:00
5373,1570,128,3838.72,2026-02-20T07:29:00+00:00
5374,1572,44,1319.56,2026-05-03T04:32:00+00:00
5375,1573,33,989.67,2026/05/28 12:43
5376,1574,118,3538.82,2026-03-24T01:46:00+00:00
5377,1575,43,1289.57,2026-06-02T04:16:00+00:00
5378,1577,0,0.0,2026-03-22T09:52:00+00:00
5379,1578,135,4048.65,2026-04-18T01:26:00+00:00
5380,1579,0,0.0,2026-04-20T02:29:00+00:00
5381,1580,0,0.0,2026-06-12T06:04:00+00:00
5382,1581,34,1019.66,2026-02-06T18:54:00+00:00
5383,1584,132,3958.68,2026-01-17T22:28:00+00:00
5384,1586,0,0.0,2026/04/23 03:23
5385,1587,37,1109.63,2026-02-03T15:26:00+00:00
5386,1589,31,929.69,2026-03-12T17:56:00+00:00
5387,1591,8,239.92,2026/03/17 13:58
5388,1592,103,3088.97,2026-03-18T17:30:00+00:00
5389,1594,17,509.83,2026-05-02T00:20:00+00:00
5390,1595,2,59.98,2026-03-13T14:24:00+00:00
5391,1598,6,179.94,2026/05/24 17:03
5392,1600,21,629.79,2026-03-17T23:00:00+00:00
5393,1601,57,1709.43,2026/05/02 04:01
5394,1602,0,0.0,2026-06-06T00:47:00+00:00
5395,1603,93,2789.07,2026/03/22 05:52
5396,1606,2,59.98,2026-02-09T01:37:00+00:00
5397,1608,103,3088.97,2026-03-29T16:59:00+00:00
5398,1609,106,3178.94,2026-04-18T11:58:00+00:00
5399,1610,0,0.0,2026-03-24T18:50:00+00:00
5400,1612,0,0.0,2026-05-26T00:52:00+00:00
5401,1613,103,3088.97,2026/02/28 13:10
5402,1614,119,3568.81,2026/04/21 10:45
5403,1615,36,1079.64,2026-03-07T16:32:00+00:00
5404,1617,92,2759.08,2026-06-18T15:36:00+00:00
5405,1618,26,779.74,2026-04-19T12:27:00+00:00
5406,1619,117,3508.83,2026-04-10T17:31:00+00:00
5407,1620,112,3358.88,2026/03/29 02:31
5408,1621,33,989.67,2026-02-25T09:21:00+00:00
5409,1622,106,3178.94,2026-03-21T00:02:00+00:00
5410,1623,10,299.9,2026-02-07T10:58:00+00:00
5411,1624,19,569.81,2026-06-08T10:05:00+00:00
5412,1625,0,0.0,2026-06-21T13:17:00+00:00
5413,1628,31,929.69,2026-04-10T16:13:00+00:00
5414,1629,85,2549.15,2026-04-25T18:02:00+00:00
5415,1631,137,4108.63,2026-01-18T07:40:00+00:00
5416,1632,0,0.0,2026-06-03T04:14:00+00:00
5417,1634,30,899.7,2026-04-11T07:44:00+00:00
5418,1635,49,1469.51,2026/03/14 05:50
5419,1636,50,1499.5,2026-02-12T04:07:00+00:00
5420,1637,19,569.81,2026/02/02 22:12
5421,1640,0,0.0,2026-03-27T03:02:00+00:00
5422,1641,57,1709.43,2026-04-25T22:01:00+00:00
5423,1642,0,0.0,2026-05-28T23:39:00+00:00
5424,1644,45,1349.55,2026/03/22 09:40
5425,1645,16,479.84,2026-06-12T19:53:00+00:00
5426,1648,5,149.95,2026-04-23T20:36:00+00:00
5427,1650,8,239.92,2026-05-06T04:38:00+00:00
5428,1651,8,239.92,2026-05-20T00:01:00+00:00
5429,1653,85,2549.15,2026-04-01T07:41:00+00:00
5430,1654,2,59.98,2026-05-09T14:07:00+00:00
5431,1658,30,899.7,2026-01-25T10:49:00+00:00
5432,1660,23,689.77,2026-04-17T16:49:00+00:00
5433,1662,0,0.0,2026-05-27T10:21:00+00:00
5434,1663,0,0.0,2026-04-06T16:59:00+00:00
5435,1665,0,0.0,2026-03-14T17:48:00+00:00
5436,1668,32,959.68,2026-05-16T01:23:00+00:00
5437,1669,120,3598.8,2026-02-20T17:31:00+00:00
5438,1670,154,4618.46,2026-05-26T08:35:00+00:00
5439,1671,15,449.85,2026-03-12T00:27:00+00:00
5440,1674,124,3718.76,2026-05-27T16:43:00+00:00
5441,1675,0,0.0,2026-03-22T16:35:00+00:00
5442,1676,17,509.83,2026-04-30T17:51:00+00:00
5443,1677,96,2879.04,2026-05-19T10:16:00+00:00
5444,1678,43,1289.57,2026-03-24T22:37:00+00:00
5445,1679,161,4828.39,2026-06-24T07:39:00+00:00
5446,1680,28,839.72,2026-06-17T03:56:00+00:00
5447,1685,56,1679.44,2026-02-09T08:45:00+00:00
5448,1686,0,0.0,2026-05-03T07:07:00+00:00
5449,1687,31,929.69,2026-05-26T17:25:00+00:00
5450,1689,28,839.72,2026/05/09 21:59
5451,1690,12,359.88,2026-04-05T06:30:00+00:00
5452,1694,0,0.0,2026/01/26 06:39
5453,1695,5,149.95,2026-04-29T19:52:00+00:00
5454,1698,0,0.0,2026-06-08T13:40:00+00:00
5455,1702,82,2459.18,2026-06-19T17:33:00+00:00
5456,1704,33,989.67,2026-04-24T07:22:00+00:00
5457,1707,1,29.99,2026-03-26T17:50:00+00:00
5458,1708,25,749.75,2026-01-25T00:10:00+00:00
5459,1712,133,3988.67,2026-02-23T14:59:00+00:00
5460,1713,135,4048.65,2026-04-14T15:02:00+00:00
5461,1714,27,809.73,2026-03-16T14:26:00+00:00
5462,1715,7,209.93,2026-06-18T17:16:00+00:00
5463,1716,115,3448.85,2026-01-23T06:13:00+00:00
5464,1718,151,4528.49,2026-03-22T15:52:00+00:00
5465,1719,0,0.0,2026-03-13T17:28:00+00:00
5466,1720,0,0.0,2026/02/01 16:21
5467,1721,46,1379.54,2026-05-31T22:40:00+00:00
5468,1722,45,1349.55,2026-03-20T04:04:00+00:00
5469,1723,125,3748.75,2026-01-19T01:48:00+00:00
5470,1726,0,0.0,2026-03-12T08:42:00+00:00
5471,1727,35,1049.65,2026-01-19T12:33:00+00:00
5472,1729,0,0.0,2026-06-16T12:35:00+00:00
5473,1730,0,0.0,2026/05/09 15:02
5474,1731,139,4168.61,2026-06-12T13:18:00+00:00
5475,1734,151,4528.49,2026-01-21T09:38:00+00:00
5476,1737,165,4948.35,2026-05-29T04:58:00+00:00
5477,1738,0,0.0,2026-05-27T13:36:00+00:00
5478,1739,28,839.72,2026-03-01T12:02:00+00:00
5479,1740,0,0.0,2026-05-12T06:33:00+00:00
5480,1744,131,3928.69,2026-01-29T14:04:00+00:00
5481,1745,135,4048.65,2026-05-14T13:50:00+00:00
5482,1746,130,3898.7,2026-04-08T22:15:00+00:00
5483,1747,0,0.0,2026-01-28T20:52:00+00:00
5484,1748,127,3808.73,2026-04-12T22:13:00+00:00
5485,1752,125,3748.75,2026-03-15T12:15:00+00:00
5486,1753,89,2669.11,2026-02-23T11:59:00+00:00
5487,1757,0,0.0,2026-04-22T12:12:00+00:00
5488,1759,99,2969.01,2026-01-23T12:31:00+00:00
5489,1760,0,0.0,2026-03-19T18:59:00+00:00
5490,1762,131,3928.69,2026-04-19T02:08:00+00:00
5491,1763,0,0.0,2026/01/21 21:59
5492,1766,0,0.0,2026-04-13T21:07:00+00:00
5493,1767,0,0.0,2026-05-20T01:37:00+00:00
5494,1768,0,0.0,2026-04-24T10:58:00+00:00
5495,1770,126,3778.74,2026-05-20T17:36:00+00:00
5496,1771,45,1349.55,2026-06-20T01:45:00+00:00
5497,1772,0,0.0,2026-04-09T09:58:00+00:00
5498,1773,120,3598.8,2026/06/03 21:32
5499,1774,16,479.84,2026-02-14T02:38:00+00:00
5500,1775,140,4198.6,2026-05-11T01:27:00+00:00
5501,1776,44,1319.56,2026-05-21T18:26:00+00:00
5502,1777,139,4168.61,2026-02-18T03:12:00+00:00
5503,1780,165,4948.35,2026/04/28 18:14
5504,1782,42,1259.58,2026-04-23T05:46:00+00:00
5505,1784,133,3988.67,2026-03-18T07:30:00+00:00
5506,1787,110,3298.9,2026-02-06T21:58:00+00:00
5507,1789,50,1499.5,2026-06-04T02:49:00+00:00
5508,1792,43,1289.57,2026-04-28T06:55:00+00:00
5509,1793,0,0.0,2026-05-15T00:56:00+00:00
5510,1794,19,569.81,2026/06/20 02:24
5511,1796,7,209.93,2026-06-01T15:27:00+00:00
5512,1797,107,3208.93,2026-02-08T00:20:00+00:00
5513,1798,20,599.8,2026-06-23T02:13:00+00:00
5514,1799,154,4618.46,2026-02-24T18:12:00+00:00
5515,1800,36,1079.64,2026-05-05T02:13:00+00:00
5516,1801,26,779.74,2026-02-19T23:46:00+00:00
5517,1804,101,3028.99,2026/03/28 09:02
5518,1805,123,3688.77,2026-03-01T19:16:00+00:00
5519,1807,0,0.0,2026-06-16T07:39:00+00:00
5520,1808,15,449.85,2026-06-01T12:43:00+00:00
5521,1810,0,0.0,2026-02-03T02:49:00+00:00
5522,1811,13,389.87,2026-05-28T01:54:00+00:00
5523,1816,122,3658.78,2026-05-18T23:32:00+00:00
5524,1817,0,0.0,2026-06-06T23:19:00+00:00
5525,1819,102,3058.98,2026-02-19T08:55:00+00:00
5526,1820,137,4108.63,2026-05-27T01:47:00+00:00
5527,1822,22,659.78,2026-03-26T07:50:00+00:00
5528,1824,33,989.67,2026-06-04T00:40:00+00:00
5529,1828,101,3028.99,2026-06-24T07:17:00+00:00
5530,1829,0,0.0,2026-03-01T21:17:00+00:00
5531,1830,3,89.97,2026/02/01 23:13
5532,1831,0,0.0,2026/05/09 05:23
5533,1833,0,0.0,2026-01-20T02:34:00+00:00
5534,1834,12,359.88,2026-03-15T08:39:00+00:00
5535,1837,35,1049.65,2026-04-18T09:00:00+00:00
5536,1838,106,3178.94,2026-05-27T20:19:00+00:00
5537,1840,83,2489.17,2026-03-28T10:23:00+00:00
5538,1841,86,2579.14,2026-03-08T06:15:00+00:00
5539,1842,131,3928.69,2026/01/28 18:38
5540,1843,139,4168.61,2026-03-24T10:16:00+00:00
5541,1844,44,1319.56,2026-06-04T12:56:00+00:00
5542,1846,0,0.0,2026-02-26T06:19:00+00:00
5543,1850,50,1499.5,2026-03-06T01:55:00+00:00
5544,1853,132,3958.68,2026-02-12T19:26:00+00:00
5545,1854,0,0.0,2026-06-13T19:20:00+00:00
5546,1855,35,1049.65,2026/02/18 00:12
5547,1856,30,899.7,2026-03-14T08:54:00+00:00
5548,1858,0,0.0,2026/02/13 08:55
5549,1862,137,4108.63,2026/06/06 14:33
5550,1865,0,0.0,2026-02-16T07:55:00+00:00
5551,1866,105,3148.95,2026/03/12 09:23
5552,1869,1,29.99,2026-05-16T05:51:00+00:00
5553,1871,108,3238.92,2026-06-18T10:38:00+00:00
5554,1872,29,869.71,2026/06/06 15:27
5555,1874,40,1199.6,2026/06/03 21:46
5556,1875,0,0.0,2026-03-16T19:35:00+00:00
5557,1878,0,0.0,2026/03/26 04:49
5558,1879,27,809.73,2026-02-17T07:21:00+00:00
5559,1881,135,4048.65,2026-05-20T00:43:00+00:00
5560,1884,83,2489.17,2026-04-26T03:21:00+00:00
5561,1885,3,89.97,2026-05-07T10:33:00+00:00
5562,1886,0,0.0,2026-02-12T08:46:00+00:00
5563,1887,13,389.87,2026-05-07T04:23:00+00:00
5564,1888,12,359.88,2026-04-16T22:17:00+00:00
5565,1889,9,269.91,2026-03-25T20:54:00+00:00
5566,1890,6,179.94,2026-04-10T01:24:00+00:00
5567,1892,94,2819.06,2026-06-02T20:43:00+00:00
5568,1893,114,3418.86,2026-02-12T21:30:00+00:00
5569,1894,0,0.0,2026/02/04 10:40
5570,1895,109,3268.91,2026-05-29T05:27:00+00:00
5571,1896,129,3868.71,2026-01-29T16:10:00+00:00
5572,1897,0,0.0,2026-03-02T22:02:00+00:00
5573,1898,0,0.0,2026-04-29T23:04:00+00:00
5574,1899,110,3298.9,2026-05-07T10:33:00+00:00
5575,1900,0,0.0,2026-02-01T11:37:00+00:00
5576,1901,81,2429.19,2026-04-17T19:31:00+00:00
5577,1902,41,1229.59,2026/03/05 07:03
5578,1905,129,3868.71,2026/04/29 11:40
5579,1906,24,719.76,2026-04-20T23:32:00+00:00
5580,1907,3,89.97,2026-05-09T07:43:00+00:00
5581,1909,139,4168.61,2026-06-20T05:40:00+00:00
5582,1910,114,3418.86,2026-04-30T17:48:00+00:00
5583,1913,0,0.0,2026-04-25T00:34:00+00:00
5584,1916,129,3868.71,2026-06-24T13:09:00+00:00
5585,1918,4,119.96,2026-02-02T13:16:00+00:00
5586,1922,94,2819.06,2026-01-24T21:14:00+00:00
5587,1925,130,3898.7,2026-02-07T11:29:00+00:00
5588,1926,1,29.99,2026-05-06T02:17:00+00:00
5589,1928,135,4048.65,2026/01/25 00:24
5590,1929,16,479.84,2026-03-11T11:28:00+00:00
5591,1931,10,299.9,2026-05-20T14:30:00+00:00
5592,1932,0,0.0,2026-03-13T17:39:00+00:00
5593,1933,84,2519.16,2026/03/03 14:42
5594,1934,0,0.0,2026-05-17T05:10:00+00:00
5595,1935,0,0.0,2026-02-25T17:36:00+00:00
5596,1936,155,4648.45,2026-06-08T22:08:00+00:00
5597,1937,35,1049.65,2026-03-14T16:55:00+00:00
5598,1942,26,779.74,2026-06-05T05:00:00+00:00
5599,1944,16,479.84,2026-06-22T03:36:00+00:00
5600,1946,0,0.0,2026-01-18T14:24:00+00:00
5601,1948,17,509.83,2026-03-04T06:33:00+00:00
5602,1949,0,0.0,2026-05-24T21:53:00+00:00
5603,1951,15,449.85,2026-02-07T14:21:00+00:00
5604,1952,94,2819.06,2026-05-01T13:25:00+00:00
5605,1954,26,779.74,2026-02-11T06:31:00+00:00
5606,1955,127,3808.73,2026-04-08T17:46:00+00:00
5607,1956,12,359.88,2026-06-09T23:11:00+00:00
5608,1957,1,29.99,2026-01-29T20:02:00+00:00
5609,1958,162,4858.38,2026-04-30T03:48:00+00:00
5610,1960,121,3628.79,2026-04-29T02:03:00+00:00
5611,1962,116,3478.84,2026-02-19T15:12:00+00:00
5612,1963,14,419.86,2026-04-24T01:45:00+00:00
5613,1964,73,2189.27,2026-06-02T23:49:00+00:00
5614,1965,0,0.0,2026-03-29T07:41:00+00:00
5615,1966,97,2909.03,2026-01-29T05:19:00+00:00
5616,1967,0,0.0,2026-06-11T02:53:00+00:00
5617,1968,0,0.0,2026/03/02 23:09
5618,1969,107,3208.93,2026-05-12T04:25:00+00:00
5619,1973,29,869.71,2026-06-17T22:17:00+00:00
5620,1974,22,659.78,2026-05-16T05:17:00+00:00
5621,1976,0,0.0,2026-05-15T02:04:00+00:00
5622,1978,0,0.0,2026-02-16T02:18:00+00:00
5623,1979,46,1379.54,2026-02-28T02:46:00+00:00
5624,1980,36,1079.64,2026-06-15T18:51:00+00:00
5625,1981,14,419.86,2026-01-25T10:07:00+00:00
5626,1982,63,1889.37,2026-03-10T19:29:00+00:00
5627,1983,49,1469.51,2026-01-22T18:29:00+00:00
5628,1984,18,539.82,2026-05-26T12:39:00+00:00
5629,1986,30,899.7,2026-03-18T13:48:00+00:00
5630,1987,111,3328.89,2026/06/11 02:47
5631,1988,21,629.79,2026-02-07T06:32:00+00:00
5632,1993,118,3538.82,2026-05-05T15:18:00+00:00
5633,1995,125,3748.75,2026-03-23T23:22:00+00:00
5634,1996,64,1919.36,2026/03/22 04:06
5635,1998,21,629.79,2026-01-30T00:15:00+00:00
5636,1999,33,989.67,2026-03-05T00:06:00+00:00
5637,2000,126,3778.74,2026-01-30T09:36:00+00:00
5638,2001,0,0.0,2026-02-13T20:17:00+00:00
5639,2003,0,0.0,2026-06-19T18:10:00+00:00
5640,2004,0,0.0,2026/02/22 23:43
5641,2005,0,0.0,2026-02-09T16:53:00+00:00
5642,2006,138,4138.62,2026/06/01 16:18
5643,2009,83,2489.17,2026-06-24T21:42:00+00:00
5644,2011,139,4168.61,2026-03-24T06:55:00+00:00
5645,2012,0,0.0,2026-03-16T00:41:00+00:00
5646,2013,45,1349.55,2026-05-14T07:37:00+00:00
5647,2014,26,779.74,2026-03-09T13:58:00+00:00
5648,2016,51,1529.49,2026-03-28T08:59:00+00:00
5649,2021,72,2159.28,2026-05-07T04:00:00+00:00
5650,2022,128,3838.72,2026-04-27T12:05:00+00:00
5651,2023,165,4948.35,2026-06-19T21:18:00+00:00
5652,2024,85,2549.15,2026-03-25T21:25:00+00:00
5653,2025,150,4498.5,2026-03-20T10:32:00+00:00
5654,2027,97,2909.03,2026/03/15 21:37
5655,2028,0,0.0,2026/03/17 17:50
5656,2029,7,209.93,2026-05-02T02:44:00+00:00
5657,2030,60,1799.4,2026-01-27T20:14:00+00:00
5658,2036,0,0.0,2026/05/10 14:33
5659,2037,91,2729.09,2026/03/27 14:19
5660,2038,101,3028.99,2026-04-20T22:30:00+00:00
5661,2039,8,239.92,2026-03-31T14:04:00+00:00
5662,2042,140,4198.6,2026-04-21T04:05:00+00:00
5663,2043,117,3508.83,2026/05/23 01:23
5664,2044,23,689.77,2026-03-01T15:29:00+00:00
5665,2047,44,1319.56,2026-06-20T08:02:00+00:00
5666,2048,34,1019.66,2026-03-08T20:18:00+00:00
5667,2049,61,1829.39,2026-03-03T15:43:00+00:00
5668,2051,51,1529.49,2026-03-03T06:33:00+00:00
5669,2052,86,2579.14,2026-02-14T13:22:00+00:00
5670,2053,114,3418.86,2026-02-03T21:05:00+00:00
5671,2054,0,0.0,2026-01-15T19:14:00+00:00
5672,2055,0,0.0,2026-06-20T17:42:00+00:00
5673,2056,118,3538.82,2026-02-20T13:09:00+00:00
5674,2057,22,659.78,2026/05/06 23:44
5675,2060,158,4738.42,2026/01/21 02:20
5676,2061,94,2819.06,2026-02-01T14:11:00+00:00
5677,2063,80,2399.2,2026-04-24T18:15:00+00:00
5678,2064,101,3028.99,2026-06-15T05:40:00+00:00
5679,2065,85,2549.15,2026-04-04T02:24:00+00:00
5680,2067,113,3388.87,2026/02/25 00:36
5681,2068,28,839.72,2026-06-03T01:32:00+00:00
5682,2069,143,4288.57,2026-03-06T15:55:00+00:00
5683,2070,146,4378.54,2026-02-05T06:02:00+00:00
5684,2072,27,809.73,2026-05-15T22:52:00+00:00
5685,2077,41,1229.59,2026-01-31T21:41:00+00:00
5686,2080,0,0.0,2026-02-06T15:25:00+00:00
5687,2083,6,179.94,2026-01-27T14:28:00+00:00
5688,2084,85,2549.15,2026/03/04 14:01
5689,2088,0,0.0,2026-03-19T14:37:00+00:00
5690,2091,115,3448.85,2026-02-27T17:40:00+00:00
5691,2093,72,2159.28,2026-06-19T17:47:00+00:00
5692,2094,25,749.75,2026-04-13T14:28:00+00:00
5693,2095,4,119.96,2026-03-08T03:07:00+00:00
5694,2096,0,0.0,2026-04-01T17:43:00+00:00
5695,2102,34,1019.66,2026-03-05T22:18:00+00:00
5696,2103,0,0.0,2026-01-19T15:43:00+00:00
5697,2108,33,989.67,2026-02-03T04:36:00+00:00
5698,2109,57,1709.43,2026-03-05T03:49:00+00:00
5699,2110,12,359.88,2026-01-21T21:25:00+00:00
5700,2111,41,1229.59,2026-04-01T05:11:00+00:00
5701,2112,19,569.81,2026-03-02T10:41:00+00:00
5702,2113,59,1769.41,2026-04-03T15:44:00+00:00
5703,2114,54,1619.46,2026-06-21T02:45:00+00:00
5704,2115,0,0.0,2026-02-23T10:02:00+00:00
5705,2116,0,0.0,2026-04-05T15:43:00+00:00
5706,2118,35,1049.65,2026-02-23T18:25:00+00:00
5707,2119,106,3178.94,2026-03-02T01:18:00+00:00
5708,2121,26,779.74,2026-01-23T00:15:00+00:00
5709,2122,39,1169.61,2026-06-13T15:46:00+00:00
5710,2124,11,329.89,2026-02-21T08:01:00+00:00
5711,2125,23,689.77,2026-02-08T07:14:00+00:00
5712,2126,27,809.73,2026-05-12T11:47:00+00:00
5713,2130,0,0.0,2026-04-05T22:16:00+00:00
5714,2131,50,1499.5,2026-02-22T06:52:00+00:00
5715,2133,85,2549.15,2026-05-01T23:20:00+00:00
5716,2134,17,509.83,2026-02-13T14:07:00+00:00
5717,2135,121,3628.79,2026-02-24T06:04:00+00:00
5718,2137,107,3208.93,2026-04-08T01:45:00+00:00
5719,2140,24,719.76,2026-03-07T08:00:00+00:00
5720,2141,36,1079.64,2026-05-01T14:23:00+00:00
5721,2142,136,4078.64,2026-04-14T03:05:00+00:00
5722,2144,0,0.0,2026-04-12T15:44:00+00:00
5723,2145,153,4588.47,2026-04-06T23:45:00+00:00
5724,2147,150,4498.5,2026-05-22T05:50:00+00:00
5725,2148,0,0.0,2026-06-23T00:35:00+00:00
5726,2149,115,3448.85,2026-05-09T15:58:00+00:00
5727,2150,0,0.0,2026-03-08T05:39:00+00:00
5728,2151,125,3748.75,2026/02/02 11:55
5729,2152,102,3058.98,2026-05-11T09:40:00+00:00
5730,2156,9,269.91,2026-05-16T01:25:00+00:00
5731,2157,14,419.86,2026-05-21T07:56:00+00:00
5732,2158,109,3268.91,2026-03-27T03:34:00+00:00
5733,2160,14,419.86,2026-05-14T04:55:00+00:00
5734,2162,19,569.81,2026-02-06T02:07:00+00:00
5735,2163,30,899.7,2026-02-24T12:21:00+00:00
5736,2164,85,2549.15,2026-02-13T06:16:00+00:00
5737,2165,30,899.7,2026-02-25T23:26:00+00:00
5738,2166,41,1229.59,2026-05-14T17:19:00+00:00
5739,2169,35,1049.65,2026-03-06T22:17:00+00:00
5740,2170,0,0.0,2026-02-11T08:22:00+00:00
5741,2174,0,0.0,2026-06-15T00:50:00+00:00
5742,2176,16,479.84,2026/04/14 08:12
5743,2177,0,0.0,2026-03-24T03:04:00+00:00
5744,2178,24,719.76,2026-03-26T03:34:00+00:00
5745,2179,101,3028.99,2026-02-03T15:49:00+00:00
5746,2180,13,389.87,2026/04/21 13:04
5747,2183,117,3508.83,2026-03-04T21:45:00+00:00
5748,2184,0,0.0,2026-01-15T03:14:00+00:00
5749,2186,0,0.0,2026-02-06T01:51:00+00:00
5750,2188,147,4408.53,2026-06-04T02:53:00+00:00
5751,2191,115,3448.85,2026-05-23T07:47:00+00:00
5752,2193,0,0.0,2026-05-04T00:18:00+00:00
5753,2195,0,0.0,2026-01-15T09:28:00+00:00
5754,2196,15,449.85,2026-02-21T09:01:00+00:00
5755,2197,13,389.87,2026-05-18T12:49:00+00:00
5756,2198,51,1529.49,2026-04-15T01:52:00+00:00
5757,2201,0,0.0,2026/01/22 18:12
5758,2202,50,1499.5,2026-03-11T19:50:00+00:00
5759,2203,74,2219.26,2026-06-12T05:56:00+00:00
5760,2204,38,1139.62,2026-06-19T10:16:00+00:00
5761,2205,124,3718.76,2026-03-04T08:38:00+00:00
5762,2206,94,2819.06,2026-04-27T01:29:00+00:00
5763,2207,146,4378.54,2026-02-27T03:22:00+00:00
5764,2209,127,3808.73,2026-04-25T02:55:00+00:00
5765,2211,121,3628.79,2026-05-29T09:50:00+00:00
5766,2213,78,2339.22,2026-02-04T22:04:00+00:00
5767,2214,22,659.78,2026/04/17 03:17
5768,2215,47,1409.53,2026-02-18T10:02:00+00:00
5769,2217,5,149.95,2026-01-25T05:50:00+00:00
5770,2221,122,3658.78,2026-02-08T11:45:00+00:00
5771,2222,46,1379.54,2026/02/24 00:34
5772,2223,14,419.86,2026-01-15T04:32:00+00:00
5773,2224,150,4498.5,2026/01/22 09:35
5774,2225,133,3988.67,2026/01/19 17:24
5775,2226,118,3538.82,2026-03-03T08:49:00+00:00
5776,2227,7,209.93,2026-04-18T01:30:00+00:00
5777,2229,49,1469.51,2026-03-05T16:31:00+00:00
5778,2231,39,1169.61,2026-01-28T04:38:00+00:00
5779,2232,17,509.83,2026-04-02T13:28:00+00:00
5780,2233,38,1139.62,2026-02-13T16:48:00+00:00
5781,2234,66,1979.34,2026-06-04T13:40:00+00:00
5782,2236,149,4468.51,2026-03-24T14:50:00+00:00
5783,2238,137,4108.63,2026-04-22T00:16:00+00:00
5784,2239,17,509.83,2026/06/13 13:51
5785,2240,8,239.92,2026-02-24T00:17:00+00:00
5786,2242,145,4348.55,2026-05-18T22:40:00+00:00
5787,2243,0,0.0,2026-03-14T00:34:00+00:00
5788,2244,17,509.83,2026-05-27T16:50:00+00:00
5789,2245,102,3058.98,2026-02-02T04:55:00+00:00
5790,2247,44,1319.56,2026-05-29T02:26:00+00:00
5791,2249,9,269.91,2026-03-14T20:12:00+00:00
5792,2251,125,3748.75,2026-06-03T06:42:00+00:00
5793,2254,88,2639.12,2026/02/20 05:31
5794,2255,88,2639.12,2026-02-20T05:44:00+00:00
5795,2258,13,389.87,2026-01-20T00:20:00+00:00
5796,2260,55,1649.45,2026-04-30T01:43:00+00:00
5797,2262,26,779.74,2026-04-09T02:04:00+00:00
5798,2263,22,659.78,2026-05-29T08:34:00+00:00
5799,2264,161,4828.39,2026-05-26T03:13:00+00:00
5800,2265,127,3808.73,2026-06-07T13:37:00+00:00
5801,2267,68,2039.32,2026-06-14T09:59:00+00:00
5802,2268,44,1319.56,2026/01/20 04:05
5803,2270,2,59.98,2026/03/10 11:46
5804,2272,101,3028.99,2026-03-01T07:26:00+00:00
5805,2273,0,0.0,2026-06-03T01:49:00+00:00
5806,2274,29,869.71,2026-05-20T05:47:00+00:00
5807,2275,168,5038.32,2026-02-24T17:55:00+00:00
5808,2276,0,0.0,2026-01-19T18:10:00+00:00
5809,2277,2,59.98,2026-02-28T17:06:00+00:00
5810,2279,92,2759.08,2026-04-22T07:08:00+00:00
5811,2280,22,659.78,2026-04-30T15:06:00+00:00
5812,2281,27,809.73,2026-04-16T17:47:00+00:00
5813,2282,122,3658.78,2026-05-09T13:07:00+00:00
5814,2283,12,359.88,2026-04-22T06:10:00+00:00
5815,2285,0,0.0,2026-05-29T05:09:00+00:00
5816,2286,31,929.69,2026-02-19T11:17:00+00:00
5817,2287,88,2639.12,2026-02-20T20:20:00+00:00
5818,2288,46,1379.54,2026-02-18T09:45:00+00:00
5819,2290,133,3988.67,2026-05-04T03:01:00+00:00
5820,2292,31,929.69,2026-02-28T01:51:00+00:00
5821,2294,51,1529.49,2026/04/13 08:47
5822,2295,20,599.8,2026-01-29T04:26:00+00:00
5823,2296,84,2519.16,2026-01-17T12:35:00+00:00
5824,2298,123,3688.77,2026-05-02T06:21:00+00:00
5825,2299,74,2219.26,2026-01-31T07:19:00+00:00
5826,2300,146,4378.54,2026-04-23T23:49:00+00:00
5827,2302,8,239.92,2026-06-04T13:31:00+00:00
5828,2304,115,3448.85,2026-03-20T11:35:00+00:00
5829,2305,0,0.0,2026-03-28T02:56:00+00:00
5830,2306,114,3418.86,2026-03-02T22:14:00+00:00
5831,2308,16,479.84,2026-03-20T03:20:00+00:00
5832,2310,122,3658.78,2026-06-01T09:18:00+00:00
5833,2311,22,659.78,2026-05-24T00:42:00+00:00
5834,2315,0,0.0,2026-04-02T02:23:00+00:00
5835,2317,0,0.0,2026-04-18T22:11:00+00:00
5836,2318,0,0.0,2026-05-02T14:50:00+00:00
5837,2319,0,0.0,2026-01-20T09:59:00+00:00
5838,2320,153,4588.47,2026-03-14T22:03:00+00:00
5839,2321,28,839.72,2026/03/25 19:20
5840,2323,27,809.73,2026-01-19T04:09:00+00:00
5841,2326,0,0.0,2026-04-22T05:26:00+00:00
5842,2327,0,0.0,2026-04-13T02:00:00+00:00
5843,2328,90,2699.1,2026-02-22T00:28:00+00:00
5844,2329,61,1829.39,2026-04-21T15:26:00+00:00
5845,2334,18,539.82,2026/02/21 23:16
5846,2335,18,539.82,2026-06-10T05:53:00+00:00
5847,2336,0,0.0,2026/04/07 15:25
5848,2337,32,959.68,2026-04-18T14:20:00+00:00
5849,2338,17,509.83,2026-03-22T18:39:00+00:00
5850,2339,138,4138.62,2026-01-27T20:15:00+00:00
5851,2340,6,179.94,2026-02-11T15:52:00+00:00
5852,2342,137,4108.63,2026-05-04T18:07:00+00:00
5853,2343,102,3058.98,2026-03-22T16:52:00+00:00
5854,2345,19,569.81,2026-04-02T07:36:00+00:00
5855,2348,0,0.0,2026-06-21T04:04:00+00:00
5856,2349,33,989.67,2026-06-20T03:19:00+00:00
5857,2350,34,1019.66,2026-04-10T10:25:00+00:00
5858,2351,160,4798.4,2026/03/07 07:50
5859,2352,126,3778.74,2026-02-01T09:33:00+00:00
5860,2354,13,389.87,2026-01-23T00:57:00+00:00
5861,2355,105,3148.95,2026/02/23 04:39
5862,2356,135,4048.65,2026-03-31T14:07:00+00:00
5863,2357,126,3778.74,2026-04-25T19:44:00+00:00
5864,2358,121,3628.79,2026-02-10T20:07:00+00:00
5865,2359,0,0.0,2026/05/09 06:19
5866,2360,51,1529.49,2026/02/06 07:12
5867,2361,27,809.73,2026-02-23T01:46:00+00:00
5868,2363,19,569.81,2026-06-12T14:11:00+00:00
5869,2364,0,0.0,2026-06-02T19:24:00+00:00
5870,2365,103,3088.97,2026-06-06T15:41:00+00:00
5871,2366,0,0.0,2026-01-21T09:35:00+00:00
5872,2367,25,749.75,2026-04-18T12:58:00+00:00
5873,2369,1,29.99,2026-04-12T21:50:00+00:00
5874,2370,133,3988.67,2026-01-17T21:21:00+00:00
5875,2372,52,1559.48,2026-01-17T01:07:00+00:00
5876,2373,30,899.7,2026-05-20T03:28:00+00:00
5877,2375,0,0.0,2026-03-09T17:43:00+00:00
5878,2377,121,3628.79,2026-02-04T03:16:00+00:00
5879,2379,115,3448.85,2026-03-26T07:44:00+00:00
5880,2380,0,0.0,2026-02-08T14:18:00+00:00
5881,2384,21,629.79,2026-05-02T23:40:00+00:00
5882,2386,0,0.0,2026/05/26 20:36
5883,2387,0,0.0,2026-03-01T16:17:00+00:00
5884,2389,0,0.0,2026-01-25T00:17:00+00:00
5885,2393,142,4258.58,2026-04-26T08:59:00+00:00
5886,2394,136,4078.64,2026/06/01 02:32
5887,2396,30,899.7,2026-03-15T12:39:00+00:00
5888,2397,126,3778.74,2026-06-15T01:26:00+00:00
5889,2400,0,0.0,2026/02/09 00:23
5890,2401,0,0.0,2026-04-02T12:30:00+00:00
5891,2404,105,3148.95,2026-05-14T10:33:00+00:00
5892,2405,4,119.96,2026-03-27T16:27:00+00:00
5893,2406,18,539.82,2026-01-20T12:44:00+00:00
5894,2407,0,0.0,2026/05/25 13:38
5895,2408,139,4168.61,2026-03-03T20:38:00+00:00
5896,2409,127,3808.73,2026-04-08T03:17:00+00:00
5897,2410,7,209.93,2026-02-27T21:05:00+00:00
5898,2411,141,4228.59,2026-05-06T18:35:00+00:00
5899,2413,58,1739.42,2026-03-13T00:01:00+00:00
5900,2414,132,3958.68,2026-04-17T16:30:00+00:00
5901,2415,102,3058.98,2026-04-04T06:22:00+00:00
5902,2418,27,809.73,2026-01-26T08:16:00+00:00
5903,2419,0,0.0,2026-06-23T01:21:00+00:00
5904,2421,8,239.92,2026-04-25T13:37:00+00:00
5905,2424,92,2759.08,2026-05-26T10:19:00+00:00
5906,2429,30,899.7,2026-04-10T16:51:00+00:00
5907,2431,115,3448.85,2026-06-03T11:35:00+00:00
5908,2433,120,3598.8,2026-06-07T03:09:00+00:00
5909,2434,43,1289.57,2026-06-20T18:55:00+00:00
5910,2437,2,59.98,2026-04-02T01:26:00+00:00
5911,2442,126,3778.74,2026-03-14T04:55:00+00:00
5912,2443,1,29.99,2026-06-20T01:11:00+00:00
5913,2444,17,509.83,2026-01-16T12:29:00+00:00
5914,2445,73,2189.27,2026-05-24T08:16:00+00:00
5915,2447,19,569.81,2026-01-25T05:19:00+00:00
5916,2449,0,0.0,2026-06-12T23:05:00+00:00
5917,2450,0,0.0,2026-04-08T14:13:00+00:00
5918,2452,6,179.94,2026/02/11 21:58
5919,2455,33,989.67,2026-04-03T11:01:00+00:00
5920,2457,72,2159.28,2026-06-15T16:44:00+00:00
5921,2461,0,0.0,2026-02-06T06:35:00+00:00
5922,2462,0,0.0,2026-02-06T22:18:00+00:00
5923,2463,154,4618.46,2026-02-08T00:32:00+00:00
5924,2464,139,4168.61,2026-03-31T04:41:00+00:00
5925,2466,24,719.76,2026-04-14T06:23:00+00:00
5926,2467,9,269.91,2026-03-24T06:20:00+00:00
5927,2469,0,0.0,2026-04-14T11:55:00+00:00
5928,2470,15,449.85,2026-05-22T04:04:00+00:00
5929,2471,0,0.0,2026-01-30T21:36:00+00:00
5930,2472,28,839.72,2026-03-10T15:15:00+00:00
5931,2475,7,209.93,2026-04-30T04:05:00+00:00
5932,2477,0,0.0,2026/03/10 05:13
5933,2478,43,1289.57,2026-05-03T06:22:00+00:00
5934,2479,0,0.0,2026/05/19 10:07
5935,2482,0,0.0,2026-05-21T11:25:00+00:00
5936,2483,99,2969.01,2026-04-10T16:07:00+00:00
5937,2484,8,239.92,2026-03-03T02:00:00+00:00
5938,2486,138,4138.62,2026/02/28 00:51
5939,2487,116,3478.84,2026/02/23 22:15
5940,2489,137,4108.63,2026-03-03T02:11:00+00:00
5941,2491,128,3838.72,2026-03-24T13:45:00+00:00
5942,2493,0,0.0,2026/06/17 12:10
5943,2494,11,329.89,2026-03-20T05:30:00+00:00
5944,2495,0,0.0,2026-06-03T17:52:00+00:00
5945,2496,6,179.94,2026-02-18T09:38:00+00:00
5946,2497,7,209.93,2026-04-27T12:25:00+00:00
5947,2499,150,4498.5,2026-04-06T20:56:00+00:00
5948,2500,131,3928.69,2026-01-24T17:34:00+00:00
5949,2501,136,4078.64,2026-01-18T07:04:00+00:00
5950,2503,58,1739.42,2026-01-18T07:06:00+00:00
5951,2504,19,569.81,2026-05-31T03:04:00+00:00
5952,2506,3,89.97,2026-04-05T00:55:00+00:00
5953,2507,130,3898.7,2026-02-26T06:47:00+00:00
5954,2508,40,1199.6,2026-02-19T13:50:00+00:00
5955,2509,5,149.95,2026-01-15T19:15:00+00:00
5956,2511,23,689.77,2026-05-31T16:30:00+00:00
5957,2512,124,3718.76,2026-05-21T17:01:00+00:00
5958,2514,128,3838.72,2026/02/19 04:07
5959,2516,131,3928.69,2026-05-25T21:49:00+00:00
5960,2517,0,0.0,2026-02-06T23:47:00+00:00
5961,2518,31,929.69,2026-01-22T15:42:00+00:00
5962,2520,12,359.88,2026-03-02T17:24:00+00:00
5963,2521,119,3568.81,2026-02-20T14:52:00+00:00
5964,2523,3,89.97,2026-04-14T07:26:00+00:00
5965,2524,139,4168.61,2026-03-05T13:41:00+00:00
5966,2525,0,0.0,2026-05-17T12:20:00+00:00
5967,2526,21,629.79,2026-01-29T22:03:00+00:00
5968,2527,12,359.88,2026-05-16T06:02:00+00:00
5969,2528,0,0.0,2026-03-22T20:55:00+00:00
5970,2529,67,2009.33,2026-03-07T17:16:00+00:00
5971,2530,5,149.95,2026-03-31T03:53:00+00:00
5972,2533,158,4738.42,2026-05-06T01:49:00+00:00
5973,2535,20,599.8,2026-04-01T19:19:00+00:00
5974,2538,110,3298.9,2026-03-22T16:33:00+00:00
5975,2539,126,3778.74,2026-06-16T08:58:00+00:00
5976,2540,0,0.0,2026-05-06T17:13:00+00:00
5977,2541,92,2759.08,2026-02-09T05:02:00+00:00
5978,2543,24,719.76,2026-04-13T01:44:00+00:00
5979,2547,49,1469.51,2026-06-20T11:24:00+00:00
5980,2548,22,659.78,2026-06-08T04:28:00+00:00
5981,2550,96,2879.04,2026-05-27T19:09:00+00:00
5982,2551,0,0.0,2026-04-26T20:22:00+00:00
5983,2552,117,3508.83,2026-03-14T09:33:00+00:00
5984,2553,179,5368.21,2026-05-05T18:12:00+00:00
5985,2554,17,509.83,2026-02-13T02:22:00+00:00
5986,2556,3,89.97,2026/02/13 16:19
5987,2563,27,809.73,2026-05-10T22:53:00+00:00
5988,2565,0,0.0,2026-03-05T06:35:00+00:00
5989,2566,136,4078.64,2026/02/08 04:56
5990,2567,153,4588.47,2026-01-15T17:02:00+00:00
5991,2568,106,3178.94,2026-04-14T20:50:00+00:00
5992,2569,146,4378.54,2026-01-30T16:19:00+00:00
5993,2571,24,719.76,2026-03-01T12:52:00+00:00
5994,2572,9,269.91,2026-02-02T07:19:00+00:00
5995,2573,136,4078.64,2026-02-09T13:14:00+00:00
5996,2574,8,239.92,2026-06-02T03:27:00+00:00
5997,2578,152,4558.48,2026-03-13T14:26:00+00:00
5998,2579,64,1919.36,2026/05/11 15:15
5999,2580,161,4828.39,2026-01-24T16:37:00+00:00
6000,2581,0,0.0,2026-05-09T16:38:00+00:00
6001,2585,46,1379.54,2026-03-03T11:08:00+00:00
6002,2586,0,0.0,2026-03-16T00:56:00+00:00
6003,2591,116,3478.84,2026-05-22T01:59:00+00:00
6004,2592,158,4738.42,2026-04-23T00:58:00+00:00
6005,2594,103,3088.97,2026-05-19T11:24:00+00:00
6006,2597,64,1919.36,2026-03-30T04:03:00+00:00
6007,2598,7,209.93,2026/01/20 03:39
6008,2599,77,2309.23,2026/04/03 06:33
6009,2601,99,2969.01,2026-02-03T03:12:00+00:00
6010,2602,0,0.0,2026-01-27T18:46:00+00:00
6011,2604,107,3208.93,2026-02-14T04:10:00+00:00
6012,2605,52,1559.48,2026/02/20 06:30
6013,2606,94,2819.06,2026-06-03T05:07:00+00:00
6014,2607,149,4468.51,2026-06-08T22:57:00+00:00
6015,2608,0,0.0,2026/05/17 10:35
6016,2611,0,0.0,2026-02-16T06:19:00+00:00
6017,2615,10,299.9,2026-06-17T16:02:00+00:00
6018,2616,15,449.85,2026-03-13T21:32:00+00:00
6019,2618,23,689.77,2026-04-24T08:23:00+00:00
6020,2619,41,1229.59,2026-05-22T02:26:00+00:00
6021,2620,149,4468.51,2026/03/13 15:08
6022,2621,0,0.0,2026-01-30T03:20:00+00:00
6023,2626,0,0.0,2026-01-25T23:56:00+00:00
6024,2627,30,899.7,2026/04/01 01:45
6025,2628,151,4528.49,2026-03-31T06:20:00+00:00
6026,2631,33,989.67,2026-02-27T05:22:00+00:00
6027,2632,0,0.0,2026-05-25T10:21:00+00:00
6028,2633,0,0.0,2026-04-22T01:19:00+00:00
6029,2635,15,449.85,2026-03-30T18:50:00+00:00
6030,2636,15,449.85,2026-06-02T09:32:00+00:00
6031,2639,20,599.8,2026-05-28T06:19:00+00:00
6032,2640,135,4048.65,2026/05/18 18:26
6033,2641,11,329.89,2026/06/06 14:32
6034,2642,37,1109.63,2026-01-25T10:03:00+00:00
6035,2643,126,3778.74,2026-05-11T12:47:00+00:00
6036,2645,24,719.76,2026-05-10T03:51:00+00:00
6037,2646,0,0.0,2026-04-16T04:17:00+00:00
6038,2647,31,929.69,2026-05-22T07:39:00+00:00
6039,2648,3,89.97,2026-01-30T00:09:00+00:00
6040,2651,105,3148.95,2026-05-29T21:48:00+00:00
6041,2652,105,3148.95,2026-05-04T22:07:00+00:00
6042,2655,0,0.0,2026-05-24T01:22:00+00:00
6043,2657,0,0.0,2026-04-08T03:40:00+00:00
6044,2659,124,3718.76,2026-01-24T01:48:00+00:00
6045,2660,140,4198.6,2026-04-07T04:44:00+00:00
6046,2663,0,0.0,2026-04-20T10:48:00+00:00
6047,2666,49,1469.51,2026-03-12T17:04:00+00:00
6048,2667,143,4288.57,2026-04-28T06:49:00+00:00
6049,2668,128,3838.72,2026-03-09T00:03:00+00:00
6050,2670,0,0.0,2026-04-19T05:53:00+00:00
6051,2674,0,0.0,2026-05-17T03:44:00+00:00
6052,2676,114,3418.86,2026-03-12T19:55:00+00:00
6053,2677,0,0.0,2026-04-03T00:23:00+00:00
6054,2678,0,0.0,2026/06/22 04:57
6055,2682,64,1919.36,2026-06-05T23:16:00+00:00
6056,2684,129,3868.71,2026-06-24T03:08:00+00:00
6057,2686,99,2969.01,2026/05/25 18:12
6058,2687,38,1139.62,2026-04-22T15:47:00+00:00
6059,2689,115,3448.85,2026-05-09T00:03:00+00:00
6060,2690,116,3478.84,2026-04-15T06:05:00+00:00
6061,2691,50,1499.5,2026-05-30T17:39:00+00:00
6062,2692,20,599.8,2026/03/19 21:57
6063,2693,134,4018.66,2026-01-21T17:53:00+00:00
6064,2694,65,1949.35,2026-03-17T22:13:00+00:00
6065,2695,161,4828.39,2026-03-12T01:35:00+00:00
6066,2696,20,599.8,2026-03-05T18:53:00+00:00
6067,2697,9,269.91,2026-04-09T05:29:00+00:00
6068,2698,0,0.0,2026-04-06T09:57:00+00:00
6069,2700,101,3028.99,2026-03-14T15:56:00+00:00
6070,2701,112,3358.88,2026-02-09T22:41:00+00:00
6071,2703,0,0.0,2026-01-25T03:28:00+00:00
6072,2704,0,0.0,2026-02-21T04:52:00+00:00
6073,2705,20,599.8,2026/02/14 21:19
6074,2706,8,239.92,2026-01-17T19:22:00+00:00
6075,2709,116,3478.84,2026-02-08T04:40:00+00:00
6076,2710,86,2579.14,2026-04-28T01:35:00+00:00
6077,2713,121,3628.79,2026-05-30T13:59:00+00:00
6078,2714,115,3448.85,2026-04-08T14:38:00+00:00
6079,2718,19,569.81,2026-06-04T07:40:00+00:00
6080,2719,0,0.0,2026-02-18T11:07:00+00:00
6081,2720,26,779.74,2026-02-10T18:47:00+00:00
6082,2721,113,3388.87,2026-03-08T16:54:00+00:00
6083,2722,0,0.0,2026-01-31T15:26:00+00:00
6084,2723,167,5008.33,2026-06-05T12:46:00+00:00
6085,2725,118,3538.82,2026-01-26T19:48:00+00:00
6086,2727,11,329.89,2026-06-11T12:33:00+00:00
6087,2728,17,509.83,2026-02-24T23:08:00+00:00
6088,2729,0,0.0,2026-01-26T02:20:00+00:00
6089,2730,158,4738.42,2026-04-23T14:31:00+00:00
6090,2732,116,3478.84,2026-04-22T12:28:00+00:00
6091,2733,136,4078.64,2026-04-14T22:02:00+00:00
6092,2734,0,0.0,2026-01-31T21:08:00+00:00
6093,2736,2,59.98,2026-03-11T23:08:00+00:00
6094,2737,33,989.67,2026-04-22T07:38:00+00:00
6095,2739,138,4138.62,2026-01-28T09:29:00+00:00
6096,2741,0,0.0,2026-04-01T03:56:00+00:00
6097,2742,0,0.0,2026-03-18T01:37:00+00:00
6098,2743,33,989.67,2026-04-25T04:24:00+00:00
6099,2745,84,2519.16,2026-05-21T11:11:00+00:00
6100,2746,114,3418.86,2026-01-18T16:32:00+00:00
6101,2748,0,0.0,2026-06-13T22:03:00+00:00
6102,2749,113,3388.87,2026-03-30T13:16:00+00:00
6103,2750,22,659.78,2026-02-06T20:05:00+00:00
6104,2753,124,3718.76,2026-02-17T23:59:00+00:00
6105,2757,0,0.0,2026-06-15T20:12:00+00:00
6106,2760,0,0.0,2026-04-03T05:40:00+00:00
6107,2761,105,3148.95,2026-04-23T23:45:00+00:00
6108,2762,0,0.0,2026-03-12T09:33:00+00:00
6109,2764,19,569.81,2026-02-08T03:10:00+00:00
6110,2766,20,599.8,2026-04-08T11:39:00+00:00
6111,2768,61,1829.39,2026-01-30T13:44:00+00:00
6112,2773,24,719.76,2026-03-31T13:48:00+00:00
6113,2774,1,29.99,2026-05-28T04:17:00+00:00
6114,2775,162,4858.38,2026-05-17T05:57:00+00:00
6115,2781,0,0.0,2026/03/26 09:12
6116,2782,111,3328.89,2026-01-18T10:22:00+00:00
6117,2783,2,59.98,2026-04-14T23:43:00+00:00
6118,2785,0,0.0,2026-04-22T03:34:00+00:00
6119,2786,14,419.86,2026/03/24 01:16
6120,2787,120,3598.8,2026-03-09T08:27:00+00:00
6121,2788,140,4198.6,2026-02-19T12:09:00+00:00
6122,2789,136,4078.64,2026-04-01T15:28:00+00:00
6123,2791,80,2399.2,2026-05-20T16:28:00+00:00
6124,2793,121,3628.79,2026-02-05T10:59:00+00:00
6125,2795,104,3118.96,2026-05-10T07:51:00+00:00
6126,2796,104,3118.96,2026-03-31T11:01:00+00:00
6127,2800,27,809.73,2026-06-21T07:35:00+00:00
6128,2801,130,3898.7,2026-03-17T17:10:00+00:00
6129,2802,120,3598.8,2026-05-10T18:06:00+00:00
6130,2803,0,0.0,2026/01/23 19:13
6131,2804,145,4348.55,2026-04-08T13:12:00+00:00
6132,2808,133,3988.67,2026/01/20 20:35
6133,2809,126,3778.74,2026/06/03 13:03
6134,2811,169,5068.31,2026-05-28T11:54:00+00:00
6135,2813,103,3088.97,2026-03-25T04:32:00+00:00
6136,2814,58,1739.42,2026-03-05T02:02:00+00:00
6137,2815,7,209.93,2026-06-13T14:58:00+00:00
6138,2819,22,659.78,2026-05-13T21:45:00+00:00
6139,2822,7,209.93,2026-04-07T03:42:00+00:00
6140,2823,3,89.97,2026-01-27T17:20:00+00:00
6141,2824,0,0.0,2026/01/20 23:23
6142,2825,175,5248.25,2026-02-25T23:50:00+00:00
6143,2826,119,3568.81,2026-03-06T05:25:00+00:00
6144,2827,13,389.87,2026-06-19T15:58:00+00:00
6145,2828,18,539.82,2026-04-19T16:02:00+00:00
6146,2830,105,3148.95,2026-01-31T19:47:00+00:00
6147,2831,4,119.96,2026-05-08T23:19:00+00:00
6148,2832,131,3928.69,2026-06-21T20:10:00+00:00
6149,2833,0,0.0,2026-02-12T14:10:00+00:00
6150,2834,79,2369.21,2026-06-18T04:18:00+00:00
6151,2835,13,389.87,2026-06-19T19:39:00+00:00
6152,2838,65,1949.35,2026-03-11T00:22:00+00:00
6153,2839,0,0.0,2026-01-17T19:08:00+00:00
6154,2840,116,3478.84,2026-05-26T07:49:00+00:00
6155,2841,127,3808.73,2026-01-17T16:06:00+00:00
6156,2843,61,1829.39,2026-04-22T00:58:00+00:00
6157,2844,147,4408.53,2026-01-21T06:06:00+00:00
6158,2845,102,3058.98,2026/05/19 23:05
6159,2846,0,0.0,2026-03-24T21:31:00+00:00
6160,2848,0,0.0,2026-05-17T21:52:00+00:00
6161,2852,104,3118.96,2026/04/07 01:03
6162,2854,179,5368.21,2026-05-21T22:45:00+00:00
6163,2856,46,1379.54,2026-04-30T07:39:00+00:00
6164,2859,0,0.0,2026-06-11T03:12:00+00:00
6165,2860,135,4048.65,2026-04-22T04:06:00+00:00
6166,2862,134,4018.66,2026-06-08T23:42:00+00:00
6167,2866,4,119.96,2026-02-07T04:06:00+00:00
6168,2867,0,0.0,2026/06/08 08:17
6169,2869,0,0.0,2026-04-25T06:13:00+00:00
6170,2870,120,3598.8,2026-06-17T12:35:00+00:00
6171,2872,154,4618.46,2026/06/17 17:12
6172,2873,61,1829.39,2026-02-24T02:03:00+00:00
6173,2874,32,959.68,2026-04-10T02:32:00+00:00
6174,2877,1,29.99,2026-02-05T11:55:00+00:00
6175,2879,60,1799.4,2026-03-01T21:20:00+00:00
6176,2880,127,3808.73,2026-02-25T10:24:00+00:00
6177,2881,126,3778.74,2026-01-21T17:39:00+00:00
6178,2882,0,0.0,2026-03-30T23:59:00+00:00
6179,2884,94,2819.06,2026-03-25T08:44:00+00:00
6180,2885,35,1049.65,2026-03-31T01:53:00+00:00
6181,2886,0,0.0,2026-05-13T02:39:00+00:00
6182,2887,53,1589.47,2026-03-30T18:49:00+00:00
6183,2888,10,299.9,2026/02/04 04:41
6184,2891,141,4228.59,2026-02-05T19:01:00+00:00
6185,2893,0,0.0,2026-05-01T07:04:00+00:00
6186,2894,11,329.89,2026-02-27T07:56:00+00:00
6187,2895,94,2819.06,2026-05-17T19:32:00+00:00
6188,2896,117,3508.83,2026-04-20T16:36:00+00:00
6189,2898,120,3598.8,2026-06-07T03:37:00+00:00
6190,2900,26,779.74,2026-04-25T09:57:00+00:00
6191,2902,54,1619.46,2026-03-27T14:40:00+00:00
6192,2905,0,0.0,2026-05-04T19:04:00+00:00
6193,2906,0,0.0,2026-02-12T18:48:00+00:00
6194,2908,18,539.82,2026-04-18T05:55:00+00:00
6195,2909,8,239.92,2026-05-13T22:25:00+00:00
6196,2911,44,1319.56,2026/02/28 00:56
6197,2912,105,3148.95,2026-03-30T00:10:00+00:00
6198,2913,14,419.86,2026-02-13T00:31:00+00:00
6199,2914,23,689.77,2026-04-17T11:17:00+00:00
6200,2916,1,29.99,2026/04/12 22:53
6201,2917,34,1019.66,2026-05-28T10:03:00+00:00
6202,2918,0,0.0,2026-03-09T08:09:00+00:00
6203,2919,126,3778.74,2026-05-06T09:36:00+00:00
6204,2920,34,1019.66,2026-01-26T08:32:00+00:00
6205,2922,0,0.0,2026-02-05T11:49:00+00:00
6206,2923,39,1169.61,2026-04-08T21:10:00+00:00
6207,2924,28,839.72,2026-03-18T16:16:00+00:00
6208,2926,150,4498.5,2026-04-25T04:30:00+00:00
6209,2928,81,2429.19,2026-06-16T01:40:00+00:00
6210,2929,0,0.0,2026-01-15T23:15:00+00:00
6211,2930,0,0.0,2026-03-02T19:21:00+00:00
6212,2932,17,509.83,2026-03-27T06:37:00+00:00
6213,2934,121,3628.79,2026-03-30T14:39:00+00:00
6214,2935,77,2309.23,2026-06-24T23:06:00+00:00
6215,2936,4,119.96,2026-06-12T02:58:00+00:00
6216,2937,36,1079.64,2026-03-15T12:55:00+00:00
6217,2939,64,1919.36,2026-05-19T17:47:00+00:00
6218,2940,145,4348.55,2026-02-05T11:36:00+00:00
6219,2942,0,0.0,2026-01-21T09:31:00+00:00
6220,2944,126,3778.74,2026-03-07T10:19:00+00:00
6221,2946,120,3598.8,2026-02-17T19:27:00+00:00
6222,2948,115,3448.85,2026-05-03T12:23:00+00:00
6223,2950,34,1019.66,2026-04-13T11:10:00+00:00
6224,2951,68,2039.32,2026-01-16T14:28:00+00:00
6225,2952,50,1499.5,2026-02-07T16:41:00+00:00
6226,2953,49,1469.51,2026-02-21T13:59:00+00:00
6227,2954,134,4018.66,2026/02/24 07:31
6228,2956,26,779.74,2026-03-24T09:29:00+00:00
6229,2958,33,989.67,2026-04-24T23:23:00+00:00
6230,2959,120,3598.8,2026/06/01 05:42
6231,2960,0,0.0,2026-03-07T18:03:00+00:00
6232,2962,0,0.0,2026-03-06T00:13:00+00:00
6233,2964,20,599.8,2026-02-11T02:15:00+00:00
6234,2969,0,0.0,2026-03-09T19:07:00+00:00
6235,2972,29,869.71,2026-06-10T22:23:00+00:00
6236,2974,143,4288.57,2026-04-10T16:30:00+00:00
6237,2976,0,0.0,2026-06-10T18:15:00+00:00
6238,2977,135,4048.65,2026/06/13 15:03
6239,2978,0,0.0,2026-02-09T15:33:00+00:00
6240,2979,55,1649.45,2026-05-25T07:30:00+00:00
6241,2980,111,3328.89,2026/01/15 04:19
6242,2981,17,509.83,2026-05-21T03:42:00+00:00
6243,2984,120,3598.8,2026-02-21T04:31:00+00:00
6244,2985,0,0.0,2026-04-11T19:27:00+00:00
6245,2986,112,3358.88,2026-02-04T13:22:00+00:00
6246,2987,0,0.0,2026-02-17T23:02:00+00:00
6247,2988,18,539.82,2026-04-08T02:36:00+00:00
6248,2989,34,1019.66,2026-06-05T09:44:00+00:00
6249,2990,18,539.82,2026-01-25T15:56:00+00:00
6250,2991,6,179.94,2026/05/23 04:31
6251,2992,0,0.0,2026-04-24T04:22:00+00:00
6252,2994,27,809.73,2026-03-11T16:44:00+00:00
6253,2999,6,179.94,2026-03-17T08:22:00+00:00
6254,3000,12,359.88,2026-05-03T09:26:00+00:00
6255,3002,0,0.0,2026-06-22T23:26:00+00:00
6256,3004,2,59.98,2026/05/01 01:14
6257,3005,13,389.87,2026-05-08T06:12:00+00:00
6258,3006,74,2219.26,2026-04-24T07:05:00+00:00
6259,3007,1,29.99,2026-05-10T03:46:00+00:00
6260,3008,33,989.67,2026-03-06T17:58:00+00:00
6261,3009,59,1769.41,2026-01-24T13:09:00+00:00
6262,3011,32,959.68,2026-03-15T02:09:00+00:00
6263,3012,39,1169.61,2026-03-03T16:03:00+00:00
6264,3013,124,3718.76,2026/01/20 21:30
6265,3014,2,59.98,2026-05-25T20:05:00+00:00
6266,3015,0,0.0,2026/02/27 00:25
6267,3018,5,149.95,2026-03-19T20:32:00+00:00
6268,3019,96,2879.04,2026-06-15T03:19:00+00:00
6269,3020,11,329.89,2026-05-22T20:57:00+00:00
6270,3022,136,4078.64,2026-06-08T06:29:00+00:00
6271,3023,36,1079.64,2026-01-18T04:13:00+00:00
6272,3024,81,2429.19,2026-06-18T01:04:00+00:00
6273,3025,145,4348.55,2026/02/20 13:02
6274,3027,1,29.99,2026-04-30T13:02:00+00:00
6275,3028,81,2429.19,2026-02-11T13:30:00+00:00
6276,3029,106,3178.94,2026-05-05T23:10:00+00:00
6277,3030,0,0.0,2026-06-23T14:14:00+00:00
6278,3032,0,0.0,2026-04-30T07:54:00+00:00
6279,3034,31,929.69,2026-03-23T18:47:00+00:00
6280,3038,8,239.92,2026-04-03T19:09:00+00:00
6281,3039,127,3808.73,2026-05-21T13:41:00+00:00
6282,3040,131,3928.69,2026-03-03T05:45:00+00:00
6283,3045,8,239.92,2026-04-21T03:42:00+00:00
6284,3046,45,1349.55,2026-02-01T18:21:00+00:00
6285,3048,0,0.0,2026-04-18T23:36:00+00:00
6286,3049,24,719.76,2026-06-05T00:09:00+00:00
6287,3050,38,1139.62,2026-03-08T16:19:00+00:00
6288,3052,62,1859.38,2026-02-15T18:00:00+00:00
6289,3055,133,3988.67,2026-01-20T22:26:00+00:00
6290,3056,2,59.98,2026/02/19 22:32
6291,3057,0,0.0,2026-04-06T17:14:00+00:00
6292,3059,102,3058.98,2026-06-17T17:52:00+00:00
6293,3061,27,809.73,2026-03-08T02:07:00+00:00
6294,3062,4,119.96,2026-05-10T02:26:00+00:00
6295,3063,151,4528.49,2026-02-09T20:22:00+00:00
6296,3064,162,4858.38,2026-03-21T15:02:00+00:00
6297,3068,77,2309.23,2026-03-20T14:55:00+00:00
6298,3069,0,0.0,2026-03-08T08:06:00+00:00
6299,3070,30,899.7,2026-04-10T07:38:00+00:00
6300,3071,11,329.89,2026-02-16T04:20:00+00:00
6301,3072,80,2399.2,2026-03-10T10:08:00+00:00
6302,3073,100,2999.0,2026-04-29T05:48:00+00:00
6303,3074,26,779.74,2026-05-21T22:58:00+00:00
6304,3075,5,149.95,2026-05-07T15:18:00+00:00
6305,3077,121,3628.79,2026-02-02T14:21:00+00:00
6306,3078,37,1109.63,2026-05-28T08:27:00+00:00
6307,3081,39,1169.61,2026-02-27T00:40:00+00:00
6308,3084,0,0.0,2026-05-27T00:20:00+00:00
6309,3087,21,629.79,2026-04-14T18:58:00+00:00
6310,3088,109,3268.91,2026-04-11T13:46:00+00:00
6311,3089,145,4348.55,2026-05-03T16:16:00+00:00
6312,3093,0,0.0,2026-01-30T17:57:00+00:00
6313,3094,0,0.0,2026-04-09T04:31:00+00:00
6314,3095,70,2099.3,2026-01-17T17:08:00+00:00
6315,3096,14,419.86,2026-05-06T14:33:00+00:00
6316,3098,122,3658.78,2026-05-04T05:25:00+00:00
6317,3101,37,1109.63,2026-04-23T19:23:00+00:00
6318,3104,146,4378.54,2026-01-28T11:36:00+00:00
6319,3105,143,4288.57,2026-05-29T23:51:00+00:00
6320,3106,0,0.0,2026-03-20T12:55:00+00:00
6321,3107,96,2879.04,2026-06-02T09:35:00+00:00
6322,3108,124,3718.76,2026/03/27 21:27
6323,3110,15,449.85,2026-03-22T19:12:00+00:00
6324,3111,41,1229.59,2026-05-10T19:10:00+00:00
6325,3112,137,4108.63,2026-02-15T02:47:00+00:00
6326,3113,11,329.89,2026/06/22 22:43
6327,3116,116,3478.84,2026-03-13T02:38:00+00:00
6328,3117,21,629.79,2026-06-23T18:21:00+00:00
6329,3118,0,0.0,2026/04/20 12:09
6330,3119,0,0.0,2026-04-03T03:34:00+00:00
6331,3122,91,2729.09,2026-06-09T20:32:00+00:00
6332,3124,22,659.78,2026-04-17T11:51:00+00:00
6333,3125,0,0.0,2026-06-14T18:09:00+00:00
6334,3127,129,3868.71,2026-02-18T15:43:00+00:00
6335,3128,0,0.0,2026-03-31T08:36:00+00:00
6336,3129,15,449.85,2026-02-13T17:52:00+00:00
6337,3134,8,239.92,2026-06-02T15:33:00+00:00
6338,3135,122,3658.78,2026-02-11T16:20:00+00:00
6339,3136,153,4588.47,2026-02-17T00:40:00+00:00
6340,3137,105,3148.95,2026-01-22T21:54:00+00:00
6341,3139,5,149.95,2026-04-04T23:49:00+00:00
6342,3140,112,3358.88,2026-04-05T14:06:00+00:00
6343,3145,65,1949.35,2026-05-16T13:54:00+00:00
6344,3146,1,29.99,2026-03-01T10:18:00+00:00
6345,3147,27,809.73,2026-01-21T10:14:00+00:00
6346,3149,164,4918.36,2026-05-04T14:35:00+00:00
6347,3150,0,0.0,2026-05-30T15:59:00+00:00
6348,3152,25,749.75,2026-04-16T23:10:00+00:00
6349,3156,13,389.87,2026-03-09T19:58:00+00:00
6350,3158,16,479.84,2026-05-28T01:09:00+00:00
6351,3160,48,1439.52,2026/06/08 23:10
6352,3161,103,3088.97,2026-03-06T12:12:00+00:00
6353,3164,0,0.0,2026/01/28 02:41
6354,3166,69,2069.31,2026-03-26T14:33:00+00:00
6355,3167,2,59.98,2026-04-04T02:34:00+00:00
6356,3172,147,4408.53,2026-06-20T23:28:00+00:00
6357,3173,6,179.94,2026-06-22T17:33:00+00:00
6358,3174,0,0.0,2026-03-21T08:04:00+00:00
6359,3175,0,0.0,2026-06-23T21:50:00+00:00
6360,3176,0,0.0,2026-06-22T14:57:00+00:00
6361,3177,2,59.98,2026-01-20T03:06:00+00:00
6362,3178,23,689.77,2026-06-09T21:46:00+00:00
6363,3181,11,329.89,2026-04-14T09:29:00+00:00
6364,3182,145,4348.55,2026-02-17T08:07:00+00:00
6365,3183,0,0.0,2026-06-24T08:38:00+00:00
6366,3186,49,1469.51,2026-02-02T15:27:00+00:00
6367,3187,184,5518.16,2026-02-21T11:36:00+00:00
6368,3190,27,809.73,2026-03-13T09:00:00+00:00
6369,3191,147,4408.53,2026-03-19T23:13:00+00:00
6370,3194,0,0.0,2026-04-20T03:25:00+00:00
6371,3196,0,0.0,2026-04-02T08:55:00+00:00
6372,3197,108,3238.92,2026/06/15 00:13
6373,3199,39,1169.61,2026-05-30T04:17:00+00:00
6374,3201,29,869.71,2026-03-28T04:21:00+00:00
6375,3204,0,0.0,2026-05-16T05:22:00+00:00
6376,3205,11,329.89,2026-04-25T14:16:00+00:00
6377,3209,63,1889.37,2026-03-26T07:59:00+00:00
6378,3213,124,3718.76,2026-03-15T02:56:00+00:00
6379,3216,29,869.71,2026-02-28T11:28:00+00:00
6380,3218,27,809.73,2026-04-23T03:48:00+00:00
6381,3219,11,329.89,2026-01-15T19:21:00+00:00
6382,3220,129,3868.71,2026-04-02T00:55:00+00:00
6383,3221,114,3418.86,2026-01-22T09:45:00+00:00
6384,3222,142,4258.58,2026-06-23T20:27:00+00:00
6385,3224,30,899.7,2026-05-19T15:49:00+00:00
6386,3225,90,2699.1,2026-01-21T13:17:00+00:00
6387,3226,39,1169.61,2026-04-18T08:53:00+00:00
6388,3227,0,0.0,2026-03-16T22:51:00+00:00
6389,3228,49,1469.51,2026-03-24T03:54:00+00:00
6390,3229,0,0.0,2026-05-24T15:56:00+00:00
6391,3230,98,2939.02,2026-06-07T04:55:00+00:00
6392,3231,121,3628.79,2026-06-23T01:08:00+00:00
6393,3232,32,959.68,2026-05-16T21:00:00+00:00
6394,3233,113,3388.87,2026-04-05T16:20:00+00:00
6395,3234,43,1289.57,2026/04/13 05:45
6396,3235,18,539.82,2026-05-27T19:22:00+00:00
6397,3238,26,779.74,2026-05-05T06:45:00+00:00
6398,3239,115,3448.85,2026/02/03 15:03
6399,3240,17,509.83,2026-04-03T23:20:00+00:00
6400,3241,10,299.9,2026-05-25T07:13:00+00:00
6401,3242,158,4738.42,2026-02-23T18:09:00+00:00
6402,3243,124,3718.76,2026-03-06T16:14:00+00:00
6403,3244,166,4978.34,2026-03-05T10:14:00+00:00
6404,3245,3,89.97,2026-05-05T20:58:00+00:00
6405,3246,106,3178.94,2026-04-09T19:18:00+00:00
6406,3247,3,89.97,2026/02/26 14:37
6407,3248,31,929.69,2026-03-24T08:13:00+00:00
6408,3250,7,209.93,2026-05-15T03:58:00+00:00
6409,3252,0,0.0,2026-05-17T18:51:00+00:00
6410,3253,108,3238.92,2026-03-01T14:27:00+00:00
6411,3257,13,389.87,2026-03-10T06:07:00+00:00
6412,3258,97,2909.03,2026-05-28T01:43:00+00:00
6413,3259,0,0.0,2026-05-21T04:51:00+00:00
6414,3260,2,59.98,2026-06-20T19:58:00+00:00
6415,3261,121,3628.79,2026-06-06T12:46:00+00:00
6416,3262,0,0.0,2026-05-01T05:15:00+00:00
6417,3263,160,4798.4,2026/01/25 03:21
6418,3264,117,3508.83,2026/04/13 04:58
6419,3266,28,839.72,2026-03-09T07:42:00+00:00
6420,3269,36,1079.64,2026-06-05T22:58:00+00:00
6421,3270,43,1289.57,2026-01-30T00:17:00+00:00
6422,3271,29,869.71,2026-01-30T09:14:00+00:00
6423,3272,13,389.87,2026-01-16T19:03:00+00:00
6424,3275,0,0.0,2026-05-27T17:46:00+00:00
6425,3277,0,0.0,2026-05-19T15:57:00+00:00
6426,3278,0,0.0,2026-03-18T17:13:00+00:00
6427,3282,131,3928.69,2026-05-10T10:06:00+00:00
6428,3284,80,2399.2,2026/06/01 03:31
6429,3286,0,0.0,2026-04-16T03:01:00+00:00
6430,3288,121,3628.79,2026-06-19T21:00:00+00:00
6431,3289,0,0.0,2026-06-18T13:22:00+00:00
6432,3291,0,0.0,2026-06-11T19:37:00+00:00
6433,3293,99,2969.01,2026/06/06 06:31
6434,3294,108,3238.92,2026-03-04T06:20:00+00:00
6435,3295,17,509.83,2026-01-27T17:15:00+00:00
6436,3296,95,2849.05,2026/02/09 21:25
6437,3298,30,899.7,2026-01-17T23:57:00+00:00
6438,3299,104,3118.96,2026-05-16T08:28:00+00:00
6439,3302,27,809.73,2026-06-22T22:54:00+00:00
6440,3304,0,0.0,2026/01/25 19:39
6441,3306,102,3058.98,2026-02-10T09:20:00+00:00
6442,3307,7,209.93,2026-05-25T12:26:00+00:00
6443,3308,145,4348.55,2026-05-29T23:36:00+00:00
6444,3309,30,899.7,2026-03-23T00:28:00+00:00
6445,3310,16,479.84,2026-03-11T12:28:00+00:00
6446,3311,0,0.0,2026-05-03T11:37:00+00:00
6447,3312,0,0.0,2026-03-20T10:13:00+00:00
6448,3313,0,0.0,2026-03-21T09:57:00+00:00
6449,3314,140,4198.6,2026-01-19T10:50:00+00:00
6450,3315,119,3568.81,2026-04-06T13:54:00+00:00
6451,3316,123,3688.77,2026/01/18 09:23
6452,3318,121,3628.79,2026-02-14T00:41:00+00:00
6453,3319,7,209.93,2026-01-17T07:10:00+00:00
6454,3320,54,1619.46,2026/04/16 18:30
6455,3322,11,329.89,2026-02-03T09:41:00+00:00
6456,3323,101,3028.99,2026-05-27T11:58:00+00:00
6457,3324,106,3178.94,2026-04-22T03:53:00+00:00
6458,3328,1,29.99,2026-04-17T01:50:00+00:00
6459,3329,131,3928.69,2026-06-15T05:57:00+00:00
6460,3330,17,509.83,2026-06-13T02:07:00+00:00
6461,3332,0,0.0,2026-03-09T19:11:00+00:00
6462,3334,94,2819.06,2026-01-19T21:11:00+00:00
6463,3336,38,1139.62,2026/01/15 23:00
6464,3337,137,4108.63,2026-02-19T02:42:00+00:00
6465,3338,30,899.7,2026-01-30T00:01:00+00:00
6466,3339,35,1049.65,2026-04-02T14:41:00+00:00
6467,3340,26,779.74,2026-05-24T17:57:00+00:00
6468,3343,169,5068.31,2026-04-20T00:37:00+00:00
6469,3346,110,3298.9,2026-03-26T07:41:00+00:00
6470,3347,36,1079.64,2026-05-04T01:37:00+00:00
6471,3348,8,239.92,2026-04-18T04:56:00+00:00
6472,3349,47,1409.53,2026-02-20T12:49:00+00:00
6473,3350,106,3178.94,2026-06-01T04:41:00+00:00
6474,3351,10,299.9,2026-01-29T08:27:00+00:00
6475,3353,29,869.71,2026-03-18T13:56:00+00:00
6476,3354,27,809.73,2026-02-26T19:32:00+00:00
6477,3360,12,359.88,2026-04-05T00:39:00+00:00
6478,3361,83,2489.17,2026-02-24T08:52:00+00:00
6479,3362,30,899.7,2026-05-20T04:01:00+00:00
6480,3363,0,0.0,2026-05-11T19:52:00+00:00
6481,3364,62,1859.38,2026-03-01T03:24:00+00:00
6482,3366,16,479.84,2026-03-18T13:44:00+00:00
6483,3367,140,4198.6,2026-05-04T23:18:00+00:00
6484,3369,146,4378.54,2026-03-28T11:20:00+00:00
6485,3371,146,4378.54,2026-05-08T06:17:00+00:00
6486,3379,11,329.89,2026-01-20T09:46:00+00:00
6487,3381,0,0.0,2026-03-01T04:31:00+00:00
6488,3382,100,2999.0,2026-05-02T07:49:00+00:00
6489,3384,18,539.82,2026-02-21T15:15:00+00:00
6490,3385,116,3478.84,2026-03-18T07:18:00+00:00
6491,3386,28,839.72,2026-05-29T01:55:00+00:00
6492,3390,0,0.0,2026-06-08T16:43:00+00:00
6493,3394,2,59.98,2026-02-22T18:28:00+00:00
6494,3395,29,869.71,2026-02-14T20:44:00+00:00
6495,3396,14,419.86,2026-05-12T11:18:00+00:00
6496,3397,54,1619.46,2026-06-15T02:56:00+00:00
6497,3398,117,3508.83,2026-03-04T04:34:00+00:00
6498,3399,91,2729.09,2026/01/17 15:13
