id,design_id,status,created_at,deleted_at
5001,1000,live,2026-04-06T08:27:00+00:00,
5002,1001,live,2026-02-10T19:23:00+00:00,
5003,1002,paused,2026-02-20T06:37:00+00:00,
5004,1003,live,2026-01-15T22:12:00+00:00,
5005,1006,declined,2026-03-07T15:58:00+00:00,
5006,1008,paused,2026-04-14T15:13:00+00:00,
5007,1010,declined,2026-06-15T07:19:00+00:00,
5008,1012,live,2026-01-30T12:53:00+00:00,
5009,1014,paused,2026-05-01T17:12:00+00:00,
5010,1015,declined,2026-03-28T16:14:00+00:00,
5011,1016,live,2026-05-14T14:22:00+00:00,
5012,1018,paused,2026/04/16 16:48,
5013,1019,live,2026-01-09T20:36:00+00:00,
5014,1022,declined,2026-03-24T20:11:00+00:00,
5015,1024,live,2026-04-03T03:51:00+00:00,
5016,1027,live,2026-04-27T03:48:00+00:00,
5017,1028,declined,2026-06-18T23:48:00+00:00,
5018,1032,paused,2026-02-13T21:56:00+00:00,
5019,1035,live,2026/04/03 07:09,
5020,1037,paused,2026-03-01T08:11:00+00:00,
5021,1038,live,2026-01-12T13:24:00+00:00,
5022,1039,paused,2026-06-04T13:21:00+00:00,
5023,1040,live,2026-02-07T11:35:00+00:00,
5024,1041,live,2026-05-03T10:24:00+00:00,
5025,1043,declined,2026-05-30T17:04:00+00:00,
5026,1044,paused,2026-03-16T10:36:00+00:00,
5027,1045,live,2026-04-04T22:36:00+00:00,
5028,1046,declined,2026-04-30T16:22:00+00:00,
5029,1048,live,2026-04-03T01:09:00+00:00,
5030,1049,live,2026-01-23T02:21:00+00:00,
5031,1051,live,2026/05/28 15:02,
5032,1055,live,2026-05-30T09:08:00+00:00,
5033,1057,live,2026-01-31T09:53:00+00:00,
5034,1059,live,2026/05/28 20:35,2026-01-20T14:45:00+00:00
5035,1060,live,2026-03-13T22:28:00+00:00,
5036,1062,live,2026-01-17T13:18:00+00:00,
5037,1064,live,2026-05-10T15:09:00+00:00,
5038,1067,paused,2026-05-23T12:31:00+00:00,
5039,1068,live,2026-03-20T10:40:00+00:00,
5040,1070,live,2026-04-08T02:45:00+00:00,
5041,1072,live,2026/01/10 10:23,
5042,1074,live,2026-06-07T03:20:00+00:00,
5043,1075,paused,2026-02-24T23:08:00+00:00,
5044,1076,live,2026-03-01T22:57:00+00:00,
5045,1077,live,2026-04-09T21:14:00+00:00,
5046,1078,live,2026-02-08T21:36:00+00:00,
5047,1080,live,2026-03-28T00:24:00+00:00,
5048,1081,live,2026-05-08T06:02:00+00:00,
5049,1082,declined,2026-03-24T19:55:00+00:00,
5050,1083,live,2026-03-12T13:13:00+00:00,2026-02-06T12:26:00+00:00
5051,1086,live,2026-01-16T02:55:00+00:00,
5052,1088,paused,2026-03-18T12:49:00+00:00,
5053,1090,live,2026-03-02T20:11:00+00:00,
5054,1091,live,2026-03-18T15:37:00+00:00,
5055,1093,live,2026-04-18T05:38:00+00:00,
5056,1097,live,2026-02-26T09:24:00+00:00,
5057,1098,live,2026-05-11T06:19:00+00:00,
5058,1101,paused,2026-05-13T22:15:00+00:00,
5059,1102,live,2026-02-21T00:54:00+00:00,
5060,1104,paused,2026-06-12T11:21:00+00:00,
5061,1105,declined,2026-06-09T21:44:00+00:00,
5062,1106,paused,2026-05-02T08:02:00+00:00,
5063,1109,live,2026-05-04T16:46:00+00:00,
5064,1110,paused,2026-04-08T12:51:00+00:00,
5065,1113,declined,2026-01-20T23:27:00+00:00,
5066,1115,paused,2026-05-04T21:54:00+00:00,
5067,1116,live,2026-04-30T21:18:00+00:00,
5068,1117,declined,2026-04-11T13:28:00+00:00,
5069,1119,declined,2026-02-05T01:14:00+00:00,
5070,1120,live,2026-05-12T10:10:00+00:00,
5071,1121,live,2026-04-06T14:36:00+00:00,
5072,1122,live,2026-05-19T06:24:00+00:00,
5073,1123,live,2026-01-11T21:07:00+00:00,
5074,1125,live,2026-02-24T07:03:00+00:00,
5075,1126,declined,2026/01/12 18:40,
5076,1128,live,2026-01-09T19:08:00+00:00,
5077,1129,paused,2026/06/15 12:46,
5078,1130,live,2026-04-27T23:59:00+00:00,
5079,1131,paused,2026-04-21T05:39:00+00:00,
5080,1132,declined,2026-02-24T02:34:00+00:00,
5081,1134,live,2026-01-29T10:41:00+00:00,
5082,1137,declined,2026-01-19T00:05:00+00:00,
5083,1138,live,2026-03-05T02:46:00+00:00,
5084,1139,live,2026-05-20T10:08:00+00:00,
5085,1140,live,2026-02-22T12:11:00+00:00,
5086,1141,live,2026-05-01T11:04:00+00:00,
5087,1143,paused,2026-04-15T18:32:00+00:00,
5088,1144,paused,2026-01-10T14:31:00+00:00,2026-04-08T02:16:00+00:00
5089,1145,live,2026-04-08T16:20:00+00:00,
5090,1146,live,2026-04-06T11:25:00+00:00,
5091,1152,live,2026-04-01T14:37:00+00:00,
5092,1153,live,2026-01-23T18:33:00+00:00,
5093,1154,declined,2026-04-05T16:07:00+00:00,
5094,1155,declined,2026-04-10T03:48:00+00:00,
5095,1156,live,2026-01-20T17:47:00+00:00,
5096,1157,live,2026-04-12T01:27:00+00:00,
5097,1158,live,2026-01-27T12:30:00+00:00,
5098,1159,live,2026-03-31T14:38:00+00:00,
5099,1160,paused,2026-03-20T22:38:00+00:00,
5100,1162,live,2026-02-20T08:03:00+00:00,
5101,1163,paused,2026-02-28T22:24:00+00:00,
5102,1164,paused,2026-04-16T23:03:00+00:00,
5103,1165,declined,2026-03-05T11:56:00+00:00,
5104,1166,declined,2026-03-04T12:54:00+00:00,
5105,1169,paused,2026/03/19 07:06,
5106,1171,declined,2026-02-02T10:10:00+00:00,
5107,1172,live,2026-04-16T12:36:00+00:00,
5108,1174,paused,2026-03-28T04:52:00+00:00,
5109,1175,live,2026/03/07 22:05,
5110,1176,live,2026-03-09T17:54:00+00:00,
5111,1179,live,2026-02-19T01:35:00+00:00,
5112,1180,live,2026-02-17T01:40:00+00:00,
5113,1181,live,2026-04-14T04:14:00+00:00,
5114,1182,paused,2026-05-24T12:41:00+00:00,
5115,1183,paused,2026-04-19T17:22:00+00:00,
5116,1184,live,2026-02-11T08:32:00+00:00,
5117,1186,live,2026-03-26T22:47:00+00:00,
5118,1187,live,2026-01-26T09:48:00+00:00,
5119,1188,live,2026-03-09T16:13:00+00:00,
5120,1190,live,2026-06-08T05:24:00+00:00,
5121,1191,live,2026/01/26 08:43,
5122,1194,live,2026-02-17T01:28:00+00:00,
5123,1195,paused,2026/03/24 08:48,
5124,1197,live,2026-05-14T11:09:00+00:00,
5125,1198,live,2026-04-17T01:20:00+00:00,
5126,1199,live,2026-04-20T03:09:00+00:00,
5127,1201,live,2026-02-16T05:34:00+00:00,
5128,1202,live,2026-03-03T04:58:00+00:00,
5129,1204,live,2026-02-26T12:29:00+00:00,
5130,1205,paused,2026-03-11T04:10:00+00:00,
5131,1207,paused,2026-02-13T16:43:00+00:00,
5132,1208,declined,2026-04-19T09:11:00+00:00,
5133,1209,live,2026-01-24T18:24:00+00:00,
5134,1210,live,2026-05-11T10:38:00+00:00,
5135,1211,declined,2026-01-17T07:49:00+00:00,
5136,1212,declined,2026-03-22T13:14:00+00:00,
5137,1213,live,2026-01-26T20:26:00+00:00,
5138,1215,paused,2026-04-26T03:43:00+00:00,2026-02-22T12:51:00+00:00
5139,1218,paused,2026-03-12T18:37:00+00:00,
5140,1219,paused,2026-06-07T22:54:00+00:00,
5141,1222,live,2026/02/07 23:00,
5142,1223,live,2026-01-15T20:32:00+00:00,
5143,1225,declined,2026-01-21T12:19:00+00:00,
5144,1228,live,2026-02-05T22:38:00+00:00,
5145,1229,declined,2026-03-09T16:38:00+00:00,
5146,1231,paused,2026-03-31T08:05:00+00:00,
5147,1233,live,2026-05-05T09:04:00+00:00,
5148,1236,live,2026-01-28T21:44:00+00:00,
5149,1237,live,2026-06-07T01:41:00+00:00,
5150,1240,declined,2026-03-06T11:36:00+00:00,
5151,1241,paused,2026-01-05T00:27:00+00:00,
5152,1242,live,2026-02-09T07:02:00+00:00,
5153,1243,declined,2026-04-25T12:18:00+00:00,
5154,1245,declined,2026-03-30T23:32:00+00:00,2026-01-17T16:05:00+00:00
5155,1247,live,2026-02-22T03:37:00+00:00,
5156,1249,live,2026-04-13T03:18:00+00:00,
5157,1250,paused,2026-05-26T17:14:00+00:00,
5158,1256,live,2026/04/13 14:50,
5159,1257,paused,2026-06-08T15:39:00+00:00,
5160,1258,live,2026-06-02T18:03:00+00:00,
5161,1259,live,2026-02-28T00:13:00+00:00,
5162,1260,live,2026-05-30T03:42:00+00:00,
5163,1261,paused,2026-04-15T23:59:00+00:00,
5164,1262,declined,2026-04-23T02:16:00+00:00,
5165,1263,live,2026-03-29T17:26:00+00:00,
5166,1264,live,2026-03-24T01:46:00+00:00,
5167,1267,live,2026-02-02T01:06:00+00:00,
5168,1270,paused,2026-05-10T06:12:00+00:00,
5169,1271,paused,2026-02-28T13:27:00+00:00,
5170,1273,live,2026-04-08T08:20:00+00:00,
5171,1274,live,2026-06-05T17:56:00+00:00,
5172,1275,live,2026-03-18T16:27:00+00:00,
5173,1276,live,2026-04-17T06:07:00+00:00,
5174,1278,live,2026-05-26T15:30:00+00:00,
5175,1282,paused,2026-06-19T20:08:00+00:00,
5176,1283,live,2026-04-17T21:31:00+00:00,
5177,1286,paused,2026-06-10T19:17:00+00:00,
5178,1287,live,2026-06-12T17:36:00+00:00,
5179,1289,declined,2026-04-02T16:43:00+00:00,
5180,1290,paused,2026/05/30 16:39,
5181,1291,live,2026-03-20T13:27:00+00:00,
5182,1292,live,2026-03-17T13:27:00+00:00,
5183,1295,live,2026/01/16 01:29,
5184,1296,live,2026-06-05T12:21:00+00:00,
5185,1297,paused,2026-05-08T23:51:00+00:00,
5186,1298,live,2026-05-04T12:47:00+00:00,
5187,1300,declined,2026-05-27T09:01:00+00:00,
5188,1301,live,2026-04-08T09:41:00+00:00,
5189,1302,declined,2026/05/22 05:52,2026-01-05T08:24:00+00:00
5190,1303,live,2026/03/19 15:08,
5191,1305,live,2026-06-12T08:36:00+00:00,
5192,1307,live,2026/03/17 08:54,
5193,1308,declined,2026-01-10T20:39:00+00:00,
5194,1309,live,2026-05-04T10:22:00+00:00,
5195,1310,live,2026-04-12T23:27:00+00:00,
5196,1311,live,2026-06-19T14:39:00+00:00,
5197,1314,live,2026-05-31T15:57:00+00:00,
5198,1315,live,2026-02-25T15:59:00+00:00,
5199,1316,live,2026-05-17T21:10:00+00:00,
5200,1320,live,2026-01-02T09:17:00+00:00,
5201,1321,declined,2026-05-08T22:12:00+00:00,
5202,1323,live,2026-06-13T17:41:00+00:00,
5203,1326,declined,2026-03-31T06:14:00+00:00,
5204,1327,paused,2026-01-22T14:56:00+00:00,
5205,1328,live,2026-04-28T07:56:00+00:00,
5206,1329,live,2026-03-18T14:41:00+00:00,
5207,1330,live,2026-01-22T11:35:00+00:00,
5208,1331,live,2026-01-06T13:38:00+00:00,
5209,1332,live,2026-02-25T13:48:00+00:00,
5210,1334,live,2026-05-12T08:36:00+00:00,
5211,1335,live,2026-02-20T13:32:00+00:00,
5212,1336,live,2026-01-17T08:02:00+00:00,
5213,1337,declined,2026/01/09 18:48,
5214,1339,live,2026-02-11T21:18:00+00:00,
5215,1341,live,2026-01-29T01:21:00+00:00,
5216,1343,paused,2026/01/19 10:50,
5217,1344,paused,2026-05-10T09:25:00+00:00,
5218,1345,paused,2026-04-25T05:33:00+00:00,
5219,1348,live,2026-01-22T17:53:00+00:00,
5220,1349,live,2026-04-11T09:21:00+00:00,
5221,1350,declined,2026-03-09T10:14:00+00:00,
5222,1351,live,2026-06-15T11:01:00+00:00,
5223,1353,live,2026-01-18T02:27:00+00:00,
5224,1354,declined,2026-04-02T23:45:00+00:00,
5225,1355,declined,2026-05-15T20:30:00+00:00,
5226,1356,live,2026/03/10 02:29,
5227,1357,live,2026-06-09T02:38:00+00:00,
5228,1358,live,2026-03-21T14:36:00+00:00,
5229,1359,live,2026-02-09T13:05:00+00:00,
5230,1362,live,2026-05-03T15:30:00+00:00,
5231,1363,live,2026-03-18T23:43:00+00:00,
5232,1364,live,2026-02-05T01:25:00+00:00,
5233,1366,live,2026-05-12T03:19:00+00:00,
5234,1367,paused,2026-02-19T23:08:00+00:00,
5235,1368,paused,2026/05/25 09:22,
5236,1369,paused,2026-01-20T03:38:00+00:00,
5237,1370,declined,2026-01-24T12:39:00+00:00,
5238,1371,paused,2026-03-07T18:43:00+00:00,
5239,1374,live,2026-04-04T17:00:00+00:00,
5240,1375,live,2026-05-27T06:32:00+00:00,
5241,1376,live,2026-05-17T22:51:00+00:00,
5242,1377,live,2026-02-08T08:28:00+00:00,
5243,1378,live,2026-02-21T00:41:00+00:00,
5244,1379,live,2026-04-14T21:58:00+00:00,
5245,1381,live,2026-01-22T11:09:00+00:00,
5246,1383,live,2026-03-29T13:25:00+00:00,
5247,1384,paused,2026-02-24T05:23:00+00:00,
5248,1385,live,2026-04-01T12:33:00+00:00,2026-01-28T02:38:00+00:00
5249,1386,live,2026-04-06T00:22:00+00:00,
5250,1387,paused,2026-06-15T03:24:00+00:00,
5251,1388,live,2026-04-07T21:35:00+00:00,
5252,1391,live,2026-02-10T07:44:00+00:00,
5253,1392,declined,2026-01-31T14:58:00+00:00,
5254,1393,declined,2026-02-14T18:18:00+00:00,
5255,1394,live,2026-04-24T22:56:00+00:00,
5256,1395,live,2026-01-21T11:12:00+00:00,
5257,1396,live,2026/05/19 14:29,
5258,1397,paused,2026-01-20T09:01:00+00:00,
5259,1399,paused,2026-05-05T00:13:00+00:00,
5260,1401,paused,2026-05-31T06:25:00+00:00,
5261,1402,live,2026-04-21T09:22:00+00:00,
5262,1404,live,2026-02-20T03:49:00+00:00,
5263,1405,live,2026-01-05T12:57:00+00:00,
5264,1406,live,2026-02-23T07:07:00+00:00,
5265,1407,declined,2026-02-03T23:07:00+00:00,
5266,1408,declined,2026-05-04T23:46:00+00:00,
5267,1409,declined,2026-03-25T03:59:00+00:00,
5268,1413,live,2026-03-14T02:21:00+00:00,2026-03-17T22:53:00+00:00
5269,1414,live,2026-05-21T20:45:00+00:00,
5270,1415,declined,2026-05-14T16:41:00+00:00,
5271,1416,live,2026/03/04 11:38,
5272,1417,live,2026/02/24 03:23,
5273,1419,declined,2026/02/07 05:28,
5274,1420,live,2026-05-12T00:22:00+00:00,
5275,1421,live,2026-02-08T13:29:00+00:00,
5276,1423,live,2026-05-15T19:02:00+00:00,
5277,1424,live,2026-05-19T06:02:00+00:00,
5278,1425,live,2026-02-15T07:22:00+00:00,
5279,1427,paused,2026-01-12T19:27:00+00:00,
5280,1428,live,2026-05-29T04:45:00+00:00,
5281,1429,live,2026-02-26T07:20:00+00:00,
5282,1433,declined,2026-05-16T09:32:00+00:00,
5283,1437,paused,2026-05-19T10:43:00+00:00,
5284,1438,live,2026-06-06T12:33:00+00:00,
5285,1439,declined,2026-03-06T14:43:00+00:00,
5286,1440,live,2026-03-24T13:27:00+00:00,
5287,1441,declined,2026-05-06T04:25:00+00:00,
5288,1442,declined,2026-05-07T12:06:00+00:00,
5289,1445,live,2026-04-20T04:05:00+00:00,
5290,1447,live,2026-06-03T16:49:00+00:00,
5291,1448,paused,2026-03-11T21:29:00+00:00,
5292,1450,live,2026-03-17T01:08:00+00:00,
5293,1452,declined,2026-04-13T05:55:00+00:00,
5294,1453,live,2026-04-10T22:17:00+00:00,
5295,1454,live,2026-05-08T20:22:00+00:00,
5296,1455,paused,2026-05-21T23:03:00+00:00,
5297,1456,paused,2026-01-26T10:46:00+00:00,
5298,1458,live,2026-01-19T16:36:00+00:00,
5299,1459,live,2026-02-06T12:41:00+00:00,
5300,1461,paused,2026-02-01T12:17:00+00:00,
5301,1464,live,2026-02-12T04:08:00+00:00,
5302,1465,live,2026-06-12T23:14:00+00:00,
5303,1466,live,2026-01-06T01:35:00+00:00,
5304,1467,live,2026/01/24 22:29,
5305,1468,live,2026-01-19T22:19:00+00:00,
5306,1469,paused,2026-03-12T18:19:00+00:00,
5307,1470,declined,2026-02-28T20:24:00+00:00,2026-04-28T14:19:00+00:00
5308,1471,declined,2026-03-21T05:07:00+00:00,
5309,1474,paused,2026-01-09T11:29:00+00:00,
5310,1475,live,2026-02-16T04:40:00+00:00,
5311,1476,live,2026-04-18T23:21:00+00:00,
5312,1477,live,2026-03-14T01:51:00+00:00,
5313,1478,paused,2026-04-01T07:14:00+00:00,
5314,1479,live,2026/03/31 15:24,
5315,1481,paused,2026-02-07T13:21:00+00:00,
5316,1482,declined,2026-05-23T01:27:00+00:00,
5317,1485,paused,2026-05-24T19:41:00+00:00,2026-04-14T03:57:00+00:00
5318,1486,live,2026-03-01T01:38:00+00:00,2026-04-15T21:37:00+00:00
5319,1487,live,2026-02-09T22:37:00+00:00,
5320,1488,live,2026-04-01T03:19:00+00:00,
5321,1489,live,2026-03-03T11:33:00+00:00,
5322,1490,live,2026/05/06 22:48,
5323,1491,live,2026/01/07 11:37,
5324,1492,declined,2026-06-11T13:37:00+00:00,2026-03-15T00:57:00+00:00
5325,1493,live,2026/04/10 17:11,
5326,1494,live,2026-05-18T05:36:00+00:00,
5327,1497,live,2026/04/12 21:58,
5328,1498,live,2026-02-03T08:08:00+00:00,
5329,1499,live,2026-01-26T23:03:00+00:00,
5330,1500,declined,2026/03/28 15:53,
5331,1503,declined,2026-03-25T07:32:00+00:00,
5332,1505,live,2026-06-03T21:23:00+00:00,
5333,1506,paused,2026-02-08T17:34:00+00:00,
5334,1508,live,2026-02-20T16:13:00+00:00,
5335,1509,live,2026-06-13T08:41:00+00:00,
5336,1512,declined,2026-04-23T07:09:00+00:00,
5337,1513,live,2026-02-02T03:41:00+00:00,
5338,1514,live,2026-02-24T01:21:00+00:00,
5339,1515,live,2026-05-07T09:47:00+00:00,
5340,1517,paused,2026/01/28 17:31,
5341,1518,live,2026-04-05T14:42:00+00:00,
5342,1521,live,2026-06-11T03:13:00+00:00,
5343,1522,live,2026-02-25T23:47:00+00:00,
5344,1525,live,2026-05-26T07:42:00+00:00,
5345,1526,live,2026-03-24T15:18:00+00:00,
5346,1527,live,2026/02/04 05:59,
5347,1528,live,2026-01-18T09:38:00+00:00,
5348,1529,declined,2026-01-09T15:59:00+00:00,
5349,1531,live,2026-04-17T15:59:00+00:00,
5350,1536,live,2026-04-10T14:25:00+00:00,
5351,1538,paused,2026-03-02T12:13:00+00:00,
5352,1540,declined,2026-05-28T20:27:00+00:00,
5353,1541,live,2026-04-14T15:14:00+00:00,
5354,1544,live,2026-01-14T00:05:00+00:00,
5355,1545,paused,2026-02-03T21:13:00+00:00,
5356,1546,live,2026-03-25T21:15:00+00:00,
5357,1547,live,2026-01-19T03:45:00+00:00,
5358,1548,live,2026-06-09T09:24:00+00:00,
5359,1549,live,2026-02-14T22:24:00+00:00,
5360,1550,live,2026-05-19T08:08:00+00:00,
5361,1554,declined,2026-01-23T06:48:00+00:00,
5362,1555,live,2026-04-20T13:16:00+00:00,
5363,1556,live,2026-03-09T12:45:00+00:00,
5364,1557,live,2026-01-26T00:27:00+00:00,
5365,1558,live,2026-04-04T07:40:00+00:00,
5366,1559,live,2026-06-12T08:18:00+00:00,
5367,1560,declined,2026-04-23T02:27:00+00:00,
5368,1562,live,2026-02-23T03:32:00+00:00,
5369,1564,live,2026-02-06T19:17:00+00:00,
5370,1565,paused,2026-02-02T00:15:00+00:00,
5371,1567,live,2026-03-07T02:52:00+00:00,
5372,1569,live,2026-01-19T07:54:00+00:00,
5373,1570,live,2026-02-09T07:29:00+00:00,
5374,1572,live,2026-04-26T04:32:00+00:00,
5375,1573,paused,2026-05-18T12:43:00+00:00,
5376,1574,live,2026-03-12T01:46:00+00:00,
5377,1575,live,2026-05-22T04:16:00+00:00,
5378,1577,paused,2026-03-18T09:52:00+00:00,
5379,1578,live,2026-04-13T01:26:00+00:00,2026-01-02T10:57:00+00:00
5380,1579,paused,2026-04-15T02:29:00+00:00,
5381,1580,declined,2026-06-04T06:04:00+00:00,
5382,1581,live,2026-01-26T18:54:00+00:00,
5383,1584,live,2026-01-04T22:28:00+00:00,
5384,1586,paused,2026-04-12T03:23:00+00:00,
5385,1587,live,2026-01-25T15:26:00+00:00,
5386,1589,declined,2026-03-02T17:56:00+00:00,
5387,1591,declined,2026/03/05 13:58,
5388,1592,live,2026-03-14T17:30:00+00:00,
5389,1594,declined,2026/04/22 00:20,
5390,1595,paused,2026-03-05T14:24:00+00:00,
5391,1598,live,2026/05/11 17:03,
5392,1600,declined,2026-03-11T23:00:00+00:00,
5393,1601,declined,2026-04-23T04:01:00+00:00,
5394,1602,live,2026-05-25T00:47:00+00:00,
5395,1603,live,2026/03/16 05:52,
5396,1606,declined,2026-02-03T01:37:00+00:00,
5397,1608,live,2026/03/22 16:59,
5398,1609,live,2026-04-09T11:58:00+00:00,
5399,1610,paused,2026/03/20 18:50,
5400,1612,live,2026-05-13T00:52:00+00:00,
5401,1613,live,2026-02-15T13:10:00+00:00,2026/03/13 05:00
5402,1614,live,2026/04/15 10:45,
5403,1615,paused,2026-02-24T16:32:00+00:00,
5404,1617,live,2026-06-05T15:36:00+00:00,
5405,1618,declined,2026-04-11T12:27:00+00:00,
5406,1619,live,2026-04-03T17:31:00+00:00,2026-01-04T06:22:00+00:00
5407,1620,live,2026-03-25T02:31:00+00:00,
5408,1621,paused,2026-02-15T09:21:00+00:00,
5409,1622,live,2026-03-16T00:02:00+00:00,2026-05-20T22:19:00+00:00
5410,1623,live,2026-02-03T10:58:00+00:00,
5411,1624,live,2026-06-03T10:05:00+00:00,
5412,1625,declined,2026/06/10 13:17,
5413,1628,paused,2026-04-03T16:13:00+00:00,
5414,1629,live,2026-04-15T18:02:00+00:00,
5415,1631,live,2026-01-05T07:40:00+00:00,
5416,1632,paused,2026-05-30T04:14:00+00:00,
5417,1634,declined,2026/04/06 07:44,
5418,1635,live,2026/03/02 05:50,
5419,1636,live,2026-01-30T04:07:00+00:00,
5420,1637,live,2026-01-20T22:12:00+00:00,2026-05-01T08:00:00+00:00
5421,1640,paused,2026-03-14T03:02:00+00:00,
5422,1641,declined,2026-04-14T22:01:00+00:00,
5423,1642,live,2026-05-22T23:39:00+00:00,
5424,1644,paused,2026-03-16T09:40:00+00:00,
5425,1645,live,2026-06-04T19:53:00+00:00,
5426,1648,paused,2026-04-14T20:36:00+00:00,
5427,1650,live,2026-04-30T04:38:00+00:00,
5428,1651,live,2026-05-16T00:01:00+00:00,
5429,1653,live,2026-03-19T07:41:00+00:00,
5430,1654,paused,2026-05-05T14:07:00+00:00,
5431,1658,live,2026-01-16T10:49:00+00:00,
5432,1660,live,2026-04-09T16:49:00+00:00,
5433,1662,paused,2026-05-18T10:21:00+00:00,2026/03/03 08:41
5434,1663,paused,2026-04-02T16:59:00+00:00,
5435,1665,paused,2026-03-09T17:48:00+00:00,2026-04-28T14:54:00+00:00
5436,1668,declined,2026/05/04 01:23,
5437,1669,live,2026-02-12T17:31:00+00:00,
5438,1670,live,2026-05-13T08:35:00+00:00,
5439,1671,declined,2026-03-01T00:27:00+00:00,
5440,1674,live,2026-05-22T16:43:00+00:00,
5441,1675,live,2026-03-09T16:35:00+00:00,
5442,1676,live,2026-04-18T17:51:00+00:00,
5443,1677,live,2026/05/08 10:16,
5444,1678,paused,2026-03-17T22:37:00+00:00,
5445,1679,live,2026-06-13T07:39:00+00:00,
5446,1680,declined,2026/06/08 03:56,
5447,1685,declined,2026-02-02T08:45:00+00:00,
5448,1686,declined,2026-04-27T07:07:00+00:00,2026-05-27T20:08:00+00:00
5449,1687,live,2026-05-16T17:25:00+00:00,
5450,1689,declined,2026-04-30T21:59:00+00:00,
5451,1690,live,2026-03-24T06:30:00+00:00,
5452,1694,live,2026/01/21 06:39,2026-03-09T23:37:00+00:00
5453,1695,paused,2026-04-23T19:52:00+00:00,
5454,1698,paused,2026/05/31 13:40,
5455,1702,declined,2026-06-11T17:33:00+00:00,
5456,1704,declined,2026-04-12T07:22:00+00:00,
5457,1707,declined,2026-03-16T17:50:00+00:00,
5458,1708,declined,2026-01-21T00:10:00+00:00,
5459,1712,live,2026-02-18T14:59:00+00:00,
5460,1713,live,2026-04-06T15:02:00+00:00,
5461,1714,declined,2026-03-05T14:26:00+00:00,
5462,1715,declined,2026-06-14T17:16:00+00:00,
5463,1716,live,2026-01-13T06:13:00+00:00,
5464,1718,live,2026-03-11T15:52:00+00:00,
5465,1719,live,2026-03-04T17:28:00+00:00,
5466,1720,live,2026-01-27T16:21:00+00:00,
5467,1721,declined,2026-05-22T22:40:00+00:00,
5468,1722,declined,2026/03/09 04:04,
5469,1723,live,2026-01-09T01:48:00+00:00,
5470,1726,declined,2026-02-27T08:42:00+00:00,
5471,1727,paused,2026-01-06T12:33:00+00:00,
5472,1729,live,2026-06-11T12:35:00+00:00,
5473,1730,live,2026-04-29T15:02:00+00:00,
5474,1731,live,2026-06-07T13:18:00+00:00,
5475,1734,live,2026-01-10T09:38:00+00:00,
5476,1737,live,2026-05-23T04:58:00+00:00,
5477,1738,declined,2026/05/19 13:36,
5478,1739,declined,2026/02/19 12:02,
5479,1740,paused,2026-05-01T06:33:00+00:00,
5480,1744,live,2026-01-17T14:04:00+00:00,
5481,1745,live,2026-05-05T13:50:00+00:00,
5482,1746,live,2026-03-31T22:15:00+00:00,
5483,1747,paused,2026-01-16T20:52:00+00:00,
5484,1748,live,2026-04-01T22:13:00+00:00,
5485,1752,live,2026-03-07T12:15:00+00:00,
5486,1753,live,2026-02-19T11:59:00+00:00,
5487,1757,paused,2026-04-17T12:12:00+00:00,
5488,1759,live,2026-01-16T12:31:00+00:00,
5489,1760,paused,2026-03-07T18:59:00+00:00,
5490,1762,live,2026-04-12T02:08:00+00:00,
5491,1763,declined,2026-01-13T21:59:00+00:00,
5492,1766,declined,2026-04-02T21:07:00+00:00,
5493,1767,declined,2026-05-11T01:37:00+00:00,
5494,1768,declined,2026-04-20T10:58:00+00:00,
5495,1770,live,2026/05/13 17:36,2026-05-11T22:05:00+00:00
5496,1771,live,2026-06-14T01:45:00+00:00,
5497,1772,live,2026-03-30T09:58:00+00:00,
5498,1773,live,2026-05-22T21:32:00+00:00,
5499,1774,live,2026/02/07 02:38,
5500,1775,live,2026-05-07T01:27:00+00:00,
5501,1776,paused,2026-05-15T18:26:00+00:00,
5502,1777,live,2026-02-11T03:12:00+00:00,
5503,1780,live,2026/04/15 18:14,
5504,1782,paused,2026-04-13T05:46:00+00:00,
5505,1784,live,2026-03-12T07:30:00+00:00,
5506,1787,live,2026-02-02T21:58:00+00:00,
5507,1789,declined,2026-05-24T02:49:00+00:00,
5508,1792,declined,2026/04/18 06:55,
5509,1793,paused,2026/05/03 00:56,2026-02-26T20:44:00+00:00
5510,1794,live,2026-06-11T02:24:00+00:00,
5511,1796,live,2026-05-21T15:27:00+00:00,
5512,1797,live,2026-01-31T00:20:00+00:00,
5513,1798,paused,2026-06-19T02:13:00+00:00,
5514,1799,live,2026-02-13T18:12:00+00:00,
5515,1800,live,2026-04-23T02:13:00+00:00,
5516,1801,paused,2026-02-15T23:46:00+00:00,
5517,1804,live,2026/03/20 09:02,
5518,1805,live,2026-02-22T19:16:00+00:00,
5519,1807,paused,2026-06-05T07:39:00+00:00,
5520,1808,paused,2026-05-25T12:43:00+00:00,
5521,1810,live,2026-01-27T02:49:00+00:00,
5522,1811,declined,2026/05/19 01:54,
5523,1816,live,2026-05-05T23:32:00+00:00,
5524,1817,live,2026-05-27T23:19:00+00:00,
5525,1819,live,2026-02-11T08:55:00+00:00,
5526,1820,live,2026-05-18T01:47:00+00:00,
5527,1822,live,2026-03-20T07:50:00+00:00,
5528,1824,live,2026-05-30T00:40:00+00:00,
5529,1828,live,2026-06-19T07:17:00+00:00,
5530,1829,declined,2026-02-17T21:17:00+00:00,
5531,1830,declined,2026-01-19T23:13:00+00:00,
5532,1831,paused,2026-05-05T05:23:00+00:00,
5533,1833,paused,2026-01-13T02:34:00+00:00,
5534,1834,paused,2026/03/03 08:39,
5535,1837,paused,2026-04-10T09:00:00+00:00,
5536,1838,live,2026-05-15T20:19:00+00:00,
5537,1840,live,2026/03/24 10:23,
5538,1841,live,2026/02/24 06:15,
5539,1842,live,2026-01-15T18:38:00+00:00,
5540,1843,live,2026-03-15T10:16:00+00:00,
5541,1844,live,2026-05-24T12:56:00+00:00,
5542,1846,paused,2026/02/18 06:19,
5543,1850,live,2026-02-28T01:55:00+00:00,
5544,1853,live,2026-02-05T19:26:00+00:00,
5545,1854,live,2026-06-02T19:20:00+00:00,
5546,1855,paused,2026-02-06T00:12:00+00:00,
5547,1856,declined,2026/03/02 08:54,
5548,1858,live,2026-02-08T08:55:00+00:00,
5549,1862,live,2026-05-25T14:33:00+00:00,
5550,1865,declined,2026/02/07 07:55,
5551,1866,live,2026-03-01T09:23:00+00:00,
5552,1869,live,2026-05-05T05:51:00+00:00,
5553,1871,live,2026-06-14T10:38:00+00:00,
5554,1872,declined,2026-06-01T15:27:00+00:00,
5555,1874,paused,2026-05-22T21:46:00+00:00,
5556,1875,paused,2026-03-07T19:35:00+00:00,
5557,1878,declined,2026-03-15T04:49:00+00:00,
5558,1879,live,2026-02-11T07:21:00+00:00,
5559,1881,live,2026-05-16T00:43:00+00:00,
5560,1884,live,2026-04-22T03:21:00+00:00,
5561,1885,paused,2026-04-25T10:33:00+00:00,
5562,1886,live,2026-02-01T08:46:00+00:00,
5563,1887,paused,2026-05-03T04:23:00+00:00,
5564,1888,declined,2026-04-10T22:17:00+00:00,
5565,1889,declined,2026-03-17T20:54:00+00:00,
5566,1890,live,2026-03-30T01:24:00+00:00,
5567,1892,live,2026-05-25T20:43:00+00:00,
5568,1893,live,2026-02-01T21:30:00+00:00,
5569,1894,live,2026/01/29 10:40,
5570,1895,live,2026/05/20 05:27,
5571,1896,live,2026-01-20T16:10:00+00:00,
5572,1897,paused,2026-02-21T22:02:00+00:00,
5573,1898,live,2026/04/20 23:04,
5574,1899,live,2026-04-29T10:33:00+00:00,
5575,1900,declined,2026-01-22T11:37:00+00:00,
5576,1901,live,2026-04-06T19:31:00+00:00,
5577,1902,paused,2026-02-20T07:03:00+00:00,
5578,1905,live,2026/04/25 11:40,
5579,1906,live,2026-04-11T23:32:00+00:00,2026-05-12T23:42:00+00:00
5580,1907,live,2026-05-03T07:43:00+00:00,
5581,1909,live,2026/06/07 05:40,
5582,1910,live,2026-04-21T17:48:00+00:00,
5583,1913,live,2026-04-12T00:34:00+00:00,
5584,1916,live,2026/06/14 13:09,
5585,1918,declined,2026-01-26T13:16:00+00:00,
5586,1922,live,2026/01/13 21:14,
5587,1925,live,2026-02-01T11:29:00+00:00,
5588,1926,paused,2026-04-27T02:17:00+00:00,
5589,1928,live,2026-01-19T00:24:00+00:00,
5590,1929,declined,2026-03-01T11:28:00+00:00,
5591,1931,paused,2026-05-10T14:30:00+00:00,
5592,1932,paused,2026-02-28T17:39:00+00:00,
5593,1933,live,2026-02-24T14:42:00+00:00,
5594,1934,declined,2026-05-10T05:10:00+00:00,
5595,1935,paused,2026/02/16 17:36,
5596,1936,live,2026/05/31 22:08,
5597,1937,paused,2026-03-08T16:55:00+00:00,
5598,1942,paused,2026-06-01T05:00:00+00:00,
5599,1944,live,2026-06-15T03:36:00+00:00,
5600,1946,live,2026-01-13T14:24:00+00:00,
5601,1948,live,2026-02-24T06:33:00+00:00,
5602,1949,paused,2026-05-11T21:53:00+00:00,
5603,1951,paused,2026-01-26T14:21:00+00:00,
5604,1952,live,2026-04-22T13:25:00+00:00,
5605,1954,paused,2026-02-04T06:31:00+00:00,
5606,1955,live,2026-03-29T17:46:00+00:00,
5607,1956,paused,2026-06-02T23:11:00+00:00,
5608,1957,live,2026/01/24 20:02,
5609,1958,live,2026-04-21T03:48:00+00:00,
5610,1960,live,2026-04-18T02:03:00+00:00,
5611,1962,live,2026-02-13T15:12:00+00:00,
5612,1963,declined,2026-04-19T01:45:00+00:00,
5613,1964,live,2026-05-21T23:49:00+00:00,
5614,1965,paused,2026/03/16 07:41,
5615,1966,live,2026/01/20 05:19,
5616,1967,paused,2026-06-03T02:53:00+00:00,
5617,1968,declined,2026-02-20T23:09:00+00:00,2026-05-13T21:23:00+00:00
5618,1969,live,2026-04-29T04:25:00+00:00,
5619,1973,paused,2026-06-08T22:17:00+00:00,
5620,1974,paused,2026-05-03T05:17:00+00:00,2026-02-22T22:01:00+00:00
5621,1976,live,2026/05/11 02:04,
5622,1978,live,2026-02-03T02:18:00+00:00,
5623,1979,paused,2026-02-23T02:46:00+00:00,
5624,1980,paused,2026-06-11T18:51:00+00:00,
5625,1981,paused,2026-01-20T10:07:00+00:00,
5626,1982,paused,2026-02-26T19:29:00+00:00,
5627,1983,paused,2026-01-09T18:29:00+00:00,
5628,1984,declined,2026-05-21T12:39:00+00:00,2026-04-22T03:13:00+00:00
5629,1986,paused,2026-03-10T13:48:00+00:00,2026-01-17T05:46:00+00:00
5630,1987,live,2026-05-29T02:47:00+00:00,
5631,1988,declined,2026-01-30T06:32:00+00:00,
5632,1993,live,2026-04-24T15:18:00+00:00,
5633,1995,live,2026-03-11T23:22:00+00:00,
5634,1996,paused,2026-03-09T04:06:00+00:00,2026-05-11T23:29:00+00:00
5635,1998,declined,2026-01-25T00:15:00+00:00,
5636,1999,live,2026-02-20T00:06:00+00:00,
5637,2000,live,2026-01-23T09:36:00+00:00,
5638,2001,live,2026-02-09T20:17:00+00:00,
5639,2003,live,2026-06-08T18:10:00+00:00,
5640,2004,paused,2026-02-10T23:43:00+00:00,2026-04-08T03:16:00+00:00
5641,2005,paused,2026/02/01 16:53,
5642,2006,live,2026-05-26T16:18:00+00:00,
5643,2009,live,2026-06-11T21:42:00+00:00,
5644,2011,live,2026-03-11T06:55:00+00:00,
5645,2012,declined,2026/03/07 00:41,
5646,2013,declined,2026-05-10T07:37:00+00:00,
5647,2014,declined,2026-02-25T13:58:00+00:00,
5648,2016,declined,2026-03-20T08:59:00+00:00,
5649,2021,live,2026-05-02T04:00:00+00:00,
5650,2022,live,2026-04-18T12:05:00+00:00,
5651,2023,live,2026-06-06T21:18:00+00:00,
5652,2024,live,2026-03-16T21:25:00+00:00,
5653,2025,live,2026-03-14T10:32:00+00:00,
5654,2027,live,2026-03-02T21:37:00+00:00,
5655,2028,paused,2026-03-09T17:50:00+00:00,
5656,2029,declined,2026-04-25T02:44:00+00:00,
5657,2030,paused,2026-01-17T20:14:00+00:00,
5658,2036,live,2026-05-05T14:33:00+00:00,
5659,2037,live,2026/03/21 14:19,
5660,2038,live,2026/04/14 22:30,
5661,2039,paused,2026-03-23T14:04:00+00:00,
5662,2042,live,2026-04-12T04:05:00+00:00,
5663,2043,live,2026-05-17T01:23:00+00:00,
5664,2044,live,2026-02-25T15:29:00+00:00,
5665,2047,live,2026-06-13T08:02:00+00:00,
5666,2048,paused,2026-02-26T20:18:00+00:00,
5667,2049,declined,2026-02-20T15:43:00+00:00,
5668,2051,declined,2026-02-26T06:33:00+00:00,
5669,2052,live,2026-02-08T13:22:00+00:00,
5670,2053,live,2026-01-25T21:05:00+00:00,
5671,2054,live,2026-01-06T19:14:00+00:00,
5672,2055,paused,2026-06-15T17:42:00+00:00,
5673,2056,live,2026-02-09T13:09:00+00:00,
5674,2057,declined,2026/05/01 23:44,2026-03-20T20:03:00+00:00
5675,2060,live,2026-01-11T02:20:00+00:00,
5676,2061,live,2026/01/27 14:11,
5677,2063,live,2026-04-11T18:15:00+00:00,
5678,2064,live,2026-06-02T05:40:00+00:00,2026-02-01T16:30:00+00:00
5679,2065,declined,2026-03-28T02:24:00+00:00,
5680,2067,live,2026-02-14T00:36:00+00:00,
5681,2068,declined,2026-05-22T01:32:00+00:00,
5682,2069,live,2026-03-02T15:55:00+00:00,
5683,2070,live,2026-01-31T06:02:00+00:00,
5684,2072,paused,2026-05-07T22:52:00+00:00,
5685,2077,paused,2026/01/19 21:41,
5686,2080,live,2026-01-28T15:25:00+00:00,
5687,2083,paused,2026-01-16T14:28:00+00:00,
5688,2084,live,2026-02-25T14:01:00+00:00,2026-05-05T14:21:00+00:00
5689,2088,paused,2026-03-13T14:37:00+00:00,
5690,2091,live,2026-02-16T17:40:00+00:00,
5691,2093,live,2026-06-15T17:47:00+00:00,
5692,2094,declined,2026-04-02T14:28:00+00:00,
5693,2095,paused,2026-02-27T03:07:00+00:00,
5694,2096,live,2026/03/21 17:43,
5695,2102,declined,2026-02-24T22:18:00+00:00,
5696,2103,declined,2026-01-08T15:43:00+00:00,
5697,2108,live,2026-01-26T04:36:00+00:00,
5698,2109,declined,2026/02/22 03:49,
5699,2110,declined,2026-01-13T21:25:00+00:00,
5700,2111,paused,2026-03-27T05:11:00+00:00,
5701,2112,paused,2026/02/26 10:41,
5702,2113,live,2026-03-26T15:44:00+00:00,
5703,2114,live,2026-06-09T02:45:00+00:00,
5704,2115,live,2026/02/13 10:02,
5705,2116,live,2026-03-29T15:43:00+00:00,
5706,2118,declined,2026-02-11T18:25:00+00:00,
5707,2119,live,2026-02-22T01:18:00+00:00,
5708,2121,declined,2026-01-10T00:15:00+00:00,
5709,2122,declined,2026-06-06T15:46:00+00:00,
5710,2124,declined,2026-02-08T08:01:00+00:00,
5711,2125,paused,2026-01-26T07:14:00+00:00,
5712,2126,declined,2026/05/04 11:47,
5713,2130,declined,2026-03-31T22:16:00+00:00,
5714,2131,live,2026/02/17 06:52,
5715,2133,live,2026-04-26T23:20:00+00:00,
5716,2134,declined,2026-02-03T14:07:00+00:00,
5717,2135,live,2026-02-11T06:04:00+00:00,
5718,2137,live,2026-03-30T01:45:00+00:00,
5719,2140,paused,2026/02/23 08:00,
5720,2141,paused,2026-04-23T14:23:00+00:00,
5721,2142,live,2026-04-03T03:05:00+00:00,
5722,2144,live,2026-04-04T15:44:00+00:00,
5723,2145,live,2026-04-01T23:45:00+00:00,
5724,2147,live,2026-05-11T05:50:00+00:00,
5725,2148,live,2026-06-15T00:35:00+00:00,
5726,2149,live,2026-04-27T15:58:00+00:00,
5727,2150,live,2026-03-02T05:39:00+00:00,
5728,2151,live,2026-01-26T11:55:00+00:00,
5729,2152,live,2026-04-28T09:40:00+00:00,2026-03-03T12:50:00+00:00
5730,2156,live,2026/05/03 01:25,
5731,2157,paused,2026-05-15T07:56:00+00:00,
5732,2158,live,2026-03-14T03:34:00+00:00,
5733,2160,paused,2026-05-10T04:55:00+00:00,
5734,2162,live,2026-01-25T02:07:00+00:00,
5735,2163,live,2026-02-17T12:21:00+00:00,
5736,2164,live,2026-02-08T06:16:00+00:00,
5737,2165,paused,2026-02-18T23:26:00+00:00,2026-04-22T13:36:00+00:00
5738,2166,declined,2026-05-07T17:19:00+00:00,
5739,2169,live,2026-02-27T22:17:00+00:00,
5740,2170,declined,2026-01-31T08:22:00+00:00,
5741,2174,live,2026/06/10 00:50,
5742,2176,live,2026/04/10 08:12,
5743,2177,live,2026-03-15T03:04:00+00:00,
5744,2178,paused,2026-03-19T03:34:00+00:00,
5745,2179,live,2026-01-29T15:49:00+00:00,
5746,2180,live,2026/04/15 13:04,
5747,2183,live,2026-02-27T21:45:00+00:00,
5748,2184,live,2026-01-10T03:14:00+00:00,
5749,2186,paused,2026-01-27T01:51:00+00:00,
5750,2188,live,2026-05-31T02:53:00+00:00,
5751,2191,live,2026-05-13T07:47:00+00:00,2026-01-13T01:31:00+00:00
5752,2193,live,2026-04-26T00:18:00+00:00,2026-04-30T09:35:00+00:00
5753,2195,live,2026-01-03T09:28:00+00:00,
5754,2196,declined,2026-02-09T09:01:00+00:00,
5755,2197,live,2026/05/08 12:49,
5756,2198,paused,2026-04-05T01:52:00+00:00,
5757,2201,declined,2026-01-10T18:12:00+00:00,
5758,2202,paused,2026-03-02T19:50:00+00:00,
5759,2203,live,2026/06/04 05:56,
5760,2204,live,2026-06-09T10:16:00+00:00,
5761,2205,live,2026-02-23T08:38:00+00:00,
5762,2206,live,2026-04-19T01:29:00+00:00,
5763,2207,live,2026-02-19T03:22:00+00:00,
5764,2209,live,2026-04-14T02:55:00+00:00,
5765,2211,live,2026-05-25T09:50:00+00:00,
5766,2213,live,2026-01-29T22:04:00+00:00,
5767,2214,declined,2026-04-06T03:17:00+00:00,
5768,2215,paused,2026-02-12T10:02:00+00:00,
5769,2217,declined,2026-01-18T05:50:00+00:00,
5770,2221,live,2026-01-31T11:45:00+00:00,
5771,2222,live,2026-02-14T00:34:00+00:00,
5772,2223,declined,2026-01-10T04:32:00+00:00,
5773,2224,live,2026-01-18T09:35:00+00:00,
5774,2225,live,2026-01-09T17:24:00+00:00,
5775,2226,live,2026-02-18T08:49:00+00:00,
5776,2227,declined,2026-04-12T01:30:00+00:00,
5777,2229,declined,2026-02-22T16:31:00+00:00,2026/04/24 16:29
5778,2231,paused,2026-01-23T04:38:00+00:00,
5779,2232,paused,2026-03-20T13:28:00+00:00,
5780,2233,live,2026-02-08T16:48:00+00:00,
5781,2234,live,2026-05-30T13:40:00+00:00,
5782,2236,live,2026-03-12T14:50:00+00:00,
5783,2238,live,2026-04-14T00:16:00+00:00,2026-03-07T06:49:00+00:00
5784,2239,paused,2026-06-08T13:51:00+00:00,
5785,2240,live,2026-02-11T00:17:00+00:00,
5786,2242,live,2026-05-13T22:40:00+00:00,
5787,2243,paused,2026-03-05T00:34:00+00:00,
5788,2244,paused,2026-05-18T16:50:00+00:00,
5789,2245,live,2026-01-22T04:55:00+00:00,
5790,2247,live,2026-05-24T02:26:00+00:00,
5791,2249,declined,2026-03-02T20:12:00+00:00,
5792,2251,live,2026-05-22T06:42:00+00:00,
5793,2254,live,2026-02-15T05:31:00+00:00,
5794,2255,live,2026-02-07T05:44:00+00:00,
5795,2258,paused,2026-01-14T00:20:00+00:00,
5796,2260,declined,2026-04-24T01:43:00+00:00,
5797,2262,paused,2026-04-04T02:04:00+00:00,2026-02-10T13:34:00+00:00
5798,2263,declined,2026-05-19T08:34:00+00:00,
5799,2264,live,2026-05-13T03:13:00+00:00,
5800,2265,live,2026-05-26T13:37:00+00:00,
5801,2267,live,2026-06-09T09:59:00+00:00,
5802,2268,live,2026-01-12T04:05:00+00:00,
5803,2270,live,2026-03-06T11:46:00+00:00,
5804,2272,live,2026-02-25T07:26:00+00:00,2026-05-16T10:30:00+00:00
5805,2273,paused,2026-05-22T01:49:00+00:00,
5806,2274,live,2026-05-10T05:47:00+00:00,
5807,2275,live,2026-02-18T17:55:00+00:00,
5808,2276,live,2026-01-08T18:10:00+00:00,
5809,2277,live,2026-02-17T17:06:00+00:00,
5810,2279,live,2026-04-15T07:08:00+00:00,
5811,2280,live,2026-04-26T15:06:00+00:00,
5812,2281,live,2026-04-09T17:47:00+00:00,
5813,2282,live,2026-05-02T13:07:00+00:00,
5814,2283,live,2026-04-17T06:10:00+00:00,2026-05-04T20:01:00+00:00
5815,2285,paused,2026/05/25 05:09,
5816,2286,live,2026-02-13T11:17:00+00:00,2026/04/01 00:42
5817,2287,live,2026-02-07T20:20:00+00:00,
5818,2288,paused,2026-02-05T09:45:00+00:00,
5819,2290,live,2026-04-27T03:01:00+00:00,
5820,2292,live,2026/02/23 01:51,
5821,2294,declined,2026-04-02T08:47:00+00:00,
5822,2295,live,2026-01-17T04:26:00+00:00,
5823,2296,live,2026-01-12T12:35:00+00:00,
5824,2298,live,2026/04/26 06:21,
5825,2299,live,2026-01-26T07:19:00+00:00,
5826,2300,live,2026-04-15T23:49:00+00:00,
5827,2302,live,2026-05-27T13:31:00+00:00,
5828,2304,live,2026-03-11T11:35:00+00:00,
5829,2305,paused,2026-03-22T02:56:00+00:00,
5830,2306,live,2026-02-26T22:14:00+00:00,
5831,2308,paused,2026-03-15T03:20:00+00:00,
5832,2310,live,2026-05-19T09:18:00+00:00,
5833,2311,paused,2026-05-19T00:42:00+00:00,
5834,2315,live,2026-03-25T02:23:00+00:00,
5835,2317,declined,2026-04-14T22:11:00+00:00,
5836,2318,declined,2026-04-24T14:50:00+00:00,
5837,2319,live,2026-01-10T09:59:00+00:00,
5838,2320,live,2026-03-07T22:03:00+00:00,
5839,2321,live,2026/03/18 19:20,
5840,2323,live,2026-01-12T04:09:00+00:00,
5841,2326,paused,2026-04-09T05:26:00+00:00,
5842,2327,live,2026-04-07T02:00:00+00:00,
5843,2328,live,2026-02-16T00:28:00+00:00,
5844,2329,declined,2026-04-15T15:26:00+00:00,
5845,2334,declined,2026-02-16T23:16:00+00:00,
5846,2335,live,2026-05-31T05:53:00+00:00,
5847,2336,paused,2026-03-26T15:25:00+00:00,
5848,2337,paused,2026-04-09T14:20:00+00:00,
5849,2338,paused,2026-03-17T18:39:00+00:00,
5850,2339,live,2026-01-19T20:15:00+00:00,
5851,2340,paused,2026-02-03T15:52:00+00:00,
5852,2342,live,2026-04-26T18:07:00+00:00,
5853,2343,live,2026-03-15T16:52:00+00:00,
5854,2345,declined,2026-03-28T07:36:00+00:00,
5855,2348,live,2026-06-14T04:04:00+00:00,
5856,2349,paused,2026-06-12T03:19:00+00:00,
5857,2350,paused,2026-04-06T10:25:00+00:00,2026/04/25 22:18
5858,2351,live,2026-02-26T07:50:00+00:00,
5859,2352,live,2026-01-21T09:33:00+00:00,
5860,2354,declined,2026-01-13T00:57:00+00:00,2026-04-15T17:53:00+00:00
5861,2355,live,2026/02/18 04:39,
5862,2356,live,2026-03-22T14:07:00+00:00,
5863,2357,live,2026-04-21T19:44:00+00:00,
5864,2358,live,2026-01-31T20:07:00+00:00,
5865,2359,declined,2026-05-04T06:19:00+00:00,
5866,2360,paused,2026/01/28 07:12,
5867,2361,declined,2026-02-16T01:46:00+00:00,
5868,2363,paused,2026-06-01T14:11:00+00:00,
5869,2364,paused,2026-05-29T19:24:00+00:00,
5870,2365,live,2026-05-29T15:41:00+00:00,
5871,2366,declined,2026-01-17T09:35:00+00:00,
5872,2367,paused,2026-04-09T12:58:00+00:00,
5873,2369,live,2026-04-07T21:50:00+00:00,
5874,2370,live,2026-01-09T21:21:00+00:00,
5875,2372,declined,2026-01-09T01:07:00+00:00,
5876,2373,declined,2026-05-13T03:28:00+00:00,
5877,2375,declined,2026-02-24T17:43:00+00:00,
5878,2377,live,2026-01-25T03:16:00+00:00,
5879,2379,live,2026-03-14T07:44:00+00:00,
5880,2380,paused,2026/02/02 14:18,
5881,2384,paused,2026-04-26T23:40:00+00:00,2026-01-31T07:21:00+00:00
5882,2386,paused,2026-05-19T20:36:00+00:00,
5883,2387,paused,2026-02-23T16:17:00+00:00,
5884,2389,paused,2026/01/16 00:17,
5885,2393,live,2026-04-17T08:59:00+00:00,
5886,2394,live,2026/05/21 02:32,
5887,2396,live,2026-03-10T12:39:00+00:00,
5888,2397,live,2026-06-08T01:26:00+00:00,
5889,2400,live,2026-01-28T00:23:00+00:00,
5890,2401,declined,2026-03-21T12:30:00+00:00,
5891,2404,live,2026-05-06T10:33:00+00:00,
5892,2405,live,2026-03-19T16:27:00+00:00,
5893,2406,live,2026-01-07T12:44:00+00:00,
5894,2407,declined,2026-05-18T13:38:00+00:00,
5895,2408,live,2026-02-21T20:38:00+00:00,
5896,2409,live,2026-04-01T03:17:00+00:00,
5897,2410,paused,2026-02-17T21:05:00+00:00,
5898,2411,live,2026-04-26T18:35:00+00:00,
5899,2413,declined,2026-03-03T00:01:00+00:00,
5900,2414,live,2026-04-07T16:30:00+00:00,
5901,2415,live,2026-03-28T06:22:00+00:00,
5902,2418,paused,2026-01-13T08:16:00+00:00,
5903,2419,declined,2026-06-15T01:21:00+00:00,
5904,2421,paused,2026-04-14T13:37:00+00:00,
5905,2424,live,2026-05-15T10:19:00+00:00,
5906,2429,declined,2026/03/31 16:51,
5907,2431,live,2026-05-27T11:35:00+00:00,
5908,2433,live,2026-05-27T03:09:00+00:00,
5909,2434,declined,2026/06/08 18:55,
5910,2437,declined,2026-03-26T01:26:00+00:00,
5911,2442,live,2026-03-02T04:55:00+00:00,2026-04-20T10:38:00+00:00
5912,2443,declined,2026-06-10T01:11:00+00:00,
5913,2444,paused,2026-01-12T12:29:00+00:00,
5914,2445,declined,2026-05-17T08:16:00+00:00,
5915,2447,live,2026-01-19T05:19:00+00:00,
5916,2449,live,2026-06-04T23:05:00+00:00,
5917,2450,live,2026-03-26T14:13:00+00:00,
5918,2452,paused,2026-02-03T21:58:00+00:00,
5919,2455,declined,2026-03-26T11:01:00+00:00,
5920,2457,live,2026-06-06T16:44:00+00:00,
5921,2461,paused,2026/01/28 06:35,
5922,2462,declined,2026-01-29T22:18:00+00:00,
5923,2463,live,2026-01-29T00:32:00+00:00,
5924,2464,live,2026-03-22T04:41:00+00:00,
5925,2466,declined,2026-04-08T06:23:00+00:00,
5926,2467,declined,2026-03-19T06:20:00+00:00,
5927,2469,live,2026-04-07T11:55:00+00:00,
5928,2470,declined,2026-05-15T04:04:00+00:00,
5929,2471,declined,2026-01-25T21:36:00+00:00,
5930,2472,live,2026-03-02T15:15:00+00:00,
5931,2475,live,2026/04/23 04:05,
5932,2477,live,2026-02-25T05:13:00+00:00,
5933,2478,live,2026/04/21 06:22,
5934,2479,paused,2026-05-07T10:07:00+00:00,
5935,2482,live,2026/05/08 11:25,
5936,2483,live,2026-03-30T16:07:00+00:00,
5937,2484,paused,2026-02-20T02:00:00+00:00,
5938,2486,live,2026-02-20T00:51:00+00:00,
5939,2487,live,2026-02-13T22:15:00+00:00,
5940,2489,live,2026-02-27T02:11:00+00:00,
5941,2491,live,2026-03-18T13:45:00+00:00,2026/02/06 01:17
5942,2493,declined,2026-06-10T12:10:00+00:00,
5943,2494,paused,2026-03-10T05:30:00+00:00,
5944,2495,live,2026-05-27T17:52:00+00:00,
5945,2496,declined,2026-02-06T09:38:00+00:00,
5946,2497,paused,2026-04-17T12:25:00+00:00,
5947,2499,live,2026-04-01T20:56:00+00:00,
5948,2500,live,2026-01-16T17:34:00+00:00,
5949,2501,live,2026-01-11T07:04:00+00:00,
5950,2503,declined,2026-01-12T07:06:00+00:00,
5951,2504,paused,2026-05-24T03:04:00+00:00,
5952,2506,paused,2026-03-27T00:55:00+00:00,
5953,2507,live,2026-02-16T06:47:00+00:00,
5954,2508,live,2026-02-08T13:50:00+00:00,
5955,2509,declined,2026-01-05T19:15:00+00:00,
5956,2511,live,2026-05-19T16:30:00+00:00,
5957,2512,live,2026-05-12T17:01:00+00:00,
5958,2514,live,2026-02-07T04:07:00+00:00,
5959,2516,live,2026/05/13 21:49,
5960,2517,paused,2026-01-24T23:47:00+00:00,
5961,2518,declined,2026-01-15T15:42:00+00:00,
5962,2520,live,2026-02-22T17:24:00+00:00,
5963,2521,live,2026-02-07T14:52:00+00:00,
5964,2523,declined,2026-04-04T07:26:00+00:00,
5965,2524,live,2026-02-24T13:41:00+00:00,
5966,2525,paused,2026-05-10T12:20:00+00:00,
5967,2526,live,2026-01-19T22:03:00+00:00,
5968,2527,live,2026-05-06T06:02:00+00:00,
5969,2528,live,2026/03/13 20:55,
5970,2529,live,2026/03/01 17:16,2026-04-08T01:34:00+00:00
5971,2530,paused,2026-03-25T03:53:00+00:00,
5972,2533,live,2026-05-02T01:49:00+00:00,
5973,2535,paused,2026-03-27T19:19:00+00:00,
5974,2538,live,2026-03-17T16:33:00+00:00,
5975,2539,live,2026-06-06T08:58:00+00:00,
5976,2540,live,2026-04-23T17:13:00+00:00,
5977,2541,live,2026-02-03T05:02:00+00:00,
5978,2543,declined,2026-03-31T01:44:00+00:00,
5979,2547,live,2026-06-11T11:24:00+00:00,
5980,2548,paused,2026/06/04 04:28,
5981,2550,live,2026-05-15T19:09:00+00:00,
5982,2551,live,2026-04-15T20:22:00+00:00,
5983,2552,live,2026-03-06T09:33:00+00:00,
5984,2553,live,2026-04-22T18:12:00+00:00,
5985,2554,declined,2026-02-01T02:22:00+00:00,
5986,2556,paused,2026-02-09T16:19:00+00:00,
5987,2563,declined,2026-04-30T22:53:00+00:00,
5988,2565,paused,2026-03-01T06:35:00+00:00,
5989,2566,live,2026/01/29 04:56,
5990,2567,live,2026-01-03T17:02:00+00:00,
5991,2568,live,2026-04-05T20:50:00+00:00,
5992,2569,live,2026-01-18T16:19:00+00:00,
5993,2571,declined,2026/02/16 12:52,
5994,2572,paused,2026-01-28T07:19:00+00:00,
5995,2573,live,2026-01-29T13:14:00+00:00,
5996,2574,declined,2026-05-23T03:27:00+00:00,
5997,2578,live,2026-03-08T14:26:00+00:00,
5998,2579,live,2026/05/04 15:15,
5999,2580,live,2026-01-11T16:37:00+00:00,
6000,2581,paused,2026-05-04T16:38:00+00:00,
6001,2585,live,2026-02-23T11:08:00+00:00,
6002,2586,live,2026-03-11T00:56:00+00:00,
6003,2591,live,2026/05/18 01:59,
6004,2592,live,2026-04-10T00:58:00+00:00,
6005,2594,live,2026-05-06T11:24:00+00:00,
6006,2597,live,2026-03-18T04:03:00+00:00,
6007,2598,declined,2026/01/12 03:39,
6008,2599,paused,2026-03-22T06:33:00+00:00,
6009,2601,live,2026-01-26T03:12:00+00:00,
6010,2602,paused,2026-01-21T18:46:00+00:00,
6011,2604,live,2026-02-08T04:10:00+00:00,
6012,2605,live,2026-02-15T06:30:00+00:00,
6013,2606,live,2026-05-21T05:07:00+00:00,
6014,2607,live,2026-05-31T22:57:00+00:00,
6015,2608,live,2026/05/04 10:35,
6016,2611,declined,2026-02-09T06:19:00+00:00,
6017,2615,declined,2026-06-09T16:02:00+00:00,
6018,2616,live,2026-03-05T21:32:00+00:00,
6019,2618,paused,2026-04-16T08:23:00+00:00,
6020,2619,paused,2026-05-09T02:26:00+00:00,
6021,2620,live,2026-03-05T15:08:00+00:00,
6022,2621,declined,2026-01-19T03:20:00+00:00,
6023,2626,live,2026-01-13T23:56:00+00:00,
6024,2627,live,2026-03-26T01:45:00+00:00,
6025,2628,live,2026-03-21T06:20:00+00:00,
6026,2631,live,2026-02-23T05:22:00+00:00,
6027,2632,declined,2026-05-13T10:21:00+00:00,
6028,2633,live,2026-04-10T01:19:00+00:00,
6029,2635,declined,2026-03-17T18:50:00+00:00,
6030,2636,declined,2026-05-29T09:32:00+00:00,
6031,2639,declined,2026-05-20T06:19:00+00:00,
6032,2640,live,2026-05-10T18:26:00+00:00,
6033,2641,declined,2026-05-25T14:32:00+00:00,
6034,2642,live,2026-01-15T10:03:00+00:00,
6035,2643,live,2026-05-05T12:47:00+00:00,
6036,2645,paused,2026-05-03T03:51:00+00:00,
6037,2646,declined,2026-04-09T04:17:00+00:00,
6038,2647,declined,2026-05-14T07:39:00+00:00,
6039,2648,declined,2026-01-20T00:09:00+00:00,
6040,2651,live,2026/05/17 21:48,
6041,2652,live,2026-04-30T22:07:00+00:00,
6042,2655,declined,2026-05-11T01:22:00+00:00,
6043,2657,paused,2026-03-26T03:40:00+00:00,
6044,2659,live,2026-01-18T01:48:00+00:00,
6045,2660,live,2026-03-28T04:44:00+00:00,
6046,2663,paused,2026-04-09T10:48:00+00:00,2026/04/24 16:08
6047,2666,live,2026-03-05T17:04:00+00:00,
6048,2667,live,2026-04-19T06:49:00+00:00,
6049,2668,live,2026-03-01T00:03:00+00:00,
6050,2670,paused,2026-04-07T05:53:00+00:00,
6051,2674,declined,2026-05-11T03:44:00+00:00,
6052,2676,live,2026-03-05T19:55:00+00:00,
6053,2677,paused,2026-03-25T00:23:00+00:00,
6054,2678,paused,2026-06-18T04:57:00+00:00,
6055,2682,live,2026-05-28T23:16:00+00:00,
6056,2684,live,2026-06-19T03:08:00+00:00,
6057,2686,live,2026-05-14T18:12:00+00:00,
6058,2687,declined,2026-04-15T15:47:00+00:00,
6059,2689,live,2026-04-26T00:03:00+00:00,
6060,2690,live,2026-04-02T06:05:00+00:00,
6061,2691,live,2026-05-22T17:39:00+00:00,
6062,2692,declined,2026-03-09T21:57:00+00:00,
6063,2693,live,2026-01-09T17:53:00+00:00,
6064,2694,live,2026-03-11T22:13:00+00:00,
6065,2695,live,2026-03-01T01:35:00+00:00,
6066,2696,declined,2026-02-24T18:53:00+00:00,
6067,2697,declined,2026-04-02T05:29:00+00:00,
6068,2698,paused,2026-03-29T09:57:00+00:00,
6069,2700,live,2026-03-01T15:56:00+00:00,
6070,2701,live,2026-01-31T22:41:00+00:00,2026-03-20T10:16:00+00:00
6071,2703,paused,2026-01-15T03:28:00+00:00,
6072,2704,live,2026-02-13T04:52:00+00:00,
6073,2705,declined,2026/02/06 21:19,
6074,2706,live,2026-01-12T19:22:00+00:00,
6075,2709,live,2026-02-04T04:40:00+00:00,
6076,2710,declined,2026-04-18T01:35:00+00:00,
6077,2713,live,2026-05-23T13:59:00+00:00,
6078,2714,live,2026-04-01T14:38:00+00:00,
6079,2718,paused,2026-05-25T07:40:00+00:00,
6080,2719,live,2026-02-08T11:07:00+00:00,
6081,2720,declined,2026-02-05T18:47:00+00:00,
6082,2721,live,2026-03-01T16:54:00+00:00,
6083,2722,declined,2026-01-24T15:26:00+00:00,
6084,2723,live,2026-05-28T12:46:00+00:00,
6085,2725,live,2026-01-20T19:48:00+00:00,
6086,2727,live,2026-06-03T12:33:00+00:00,
6087,2728,declined,2026-02-20T23:08:00+00:00,
6088,2729,paused,2026/01/18 02:20,2026-03-19T06:20:00+00:00
6089,2730,live,2026-04-10T14:31:00+00:00,
6090,2732,live,2026-04-16T12:28:00+00:00,
6091,2733,live,2026-04-07T22:02:00+00:00,
6092,2734,paused,2026/01/18 21:08,
6093,2736,declined,2026/03/06 23:08,
6094,2737,paused,2026-04-09T07:38:00+00:00,
6095,2739,live,2026-01-17T09:29:00+00:00,2026-03-19T14:04:00+00:00
6096,2741,declined,2026-03-25T03:56:00+00:00,
6097,2742,live,2026-03-11T01:37:00+00:00,
6098,2743,paused,2026-04-21T04:24:00+00:00,
6099,2745,live,2026/05/08 11:11,
6100,2746,live,2026-01-13T16:32:00+00:00,
6101,2748,live,2026-06-03T22:03:00+00:00,
6102,2749,live,2026-03-19T13:16:00+00:00,
6103,2750,live,2026-01-31T20:05:00+00:00,
6104,2753,live,2026-02-10T23:59:00+00:00,2026-02-03T20:08:00+00:00
6105,2757,paused,2026-06-10T20:12:00+00:00,
6106,2760,paused,2026-03-25T05:40:00+00:00,
6107,2761,live,2026-04-16T23:45:00+00:00,2026-03-07T09:29:00+00:00
6108,2762,live,2026-03-03T09:33:00+00:00,
6109,2764,declined,2026-01-31T03:10:00+00:00,
6110,2766,live,2026-04-01T11:39:00+00:00,
6111,2768,declined,2026-01-26T13:44:00+00:00,
6112,2773,live,2026-03-26T13:48:00+00:00,
6113,2774,live,2026-05-22T04:17:00+00:00,
6114,2775,live,2026-05-04T05:57:00+00:00,
6115,2781,paused,2026-03-14T09:12:00+00:00,
6116,2782,live,2026-01-08T10:22:00+00:00,
6117,2783,declined,2026-04-10T23:43:00+00:00,
6118,2785,live,2026/04/11 03:34,2026-04-14T11:17:00+00:00
6119,2786,live,2026-03-20T01:16:00+00:00,
6120,2787,live,2026/03/03 08:27,
6121,2788,live,2026-02-11T12:09:00+00:00,
6122,2789,live,2026-03-23T15:28:00+00:00,
6123,2791,live,2026-05-09T16:28:00+00:00,
6124,2793,live,2026-01-27T10:59:00+00:00,
6125,2795,live,2026-05-02T07:51:00+00:00,
6126,2796,live,2026-03-25T11:01:00+00:00,
6127,2800,declined,2026-06-14T07:35:00+00:00,
6128,2801,live,2026-03-09T17:10:00+00:00,
6129,2802,live,2026/05/02 18:06,
6130,2803,declined,2026-01-11T19:13:00+00:00,
6131,2804,live,2026-03-30T13:12:00+00:00,
6132,2808,live,2026-01-10T20:35:00+00:00,
6133,2809,live,2026-05-25T13:03:00+00:00,
6134,2811,live,2026-05-15T11:54:00+00:00,
6135,2813,live,2026-03-12T04:32:00+00:00,
6136,2814,declined,2026/02/27 02:02,
6137,2815,declined,2026-06-07T14:58:00+00:00,
6138,2819,declined,2026-05-09T21:45:00+00:00,
6139,2822,live,2026/03/30 03:42,
6140,2823,live,2026-01-23T17:20:00+00:00,
6141,2824,paused,2026-01-15T23:23:00+00:00,
6142,2825,live,2026-02-18T23:50:00+00:00,
6143,2826,live,2026-02-27T05:25:00+00:00,
6144,2827,declined,2026-06-11T15:58:00+00:00,
6145,2828,live,2026-04-14T16:02:00+00:00,
6146,2830,live,2026-01-21T19:47:00+00:00,
6147,2831,live,2026-04-25T23:19:00+00:00,
6148,2832,live,2026-06-10T20:10:00+00:00,
6149,2833,paused,2026-02-05T14:10:00+00:00,
6150,2834,live,2026-06-06T04:18:00+00:00,
6151,2835,live,2026-06-10T19:39:00+00:00,
6152,2838,paused,2026-02-27T00:22:00+00:00,
6153,2839,declined,2026-01-12T19:08:00+00:00,
6154,2840,live,2026-05-15T07:49:00+00:00,
6155,2841,live,2026-01-04T16:06:00+00:00,2026-01-06T11:15:00+00:00
6156,2843,live,2026-04-12T00:58:00+00:00,
6157,2844,live,2026-01-15T06:06:00+00:00,
6158,2845,live,2026-05-07T23:05:00+00:00,
6159,2846,live,2026-03-12T21:31:00+00:00,
6160,2848,declined,2026-05-08T21:52:00+00:00,2026-04-29T07:31:00+00:00
6161,2852,live,2026-03-26T01:03:00+00:00,
6162,2854,live,2026-05-11T22:45:00+00:00,
6163,2856,paused,2026-04-23T07:39:00+00:00,
6164,2859,live,2026-06-07T03:12:00+00:00,
6165,2860,live,2026-04-15T04:06:00+00:00,
6166,2862,live,2026-06-02T23:42:00+00:00,
6167,2866,paused,2026-01-28T04:06:00+00:00,
6168,2867,live,2026-05-26T08:17:00+00:00,
6169,2869,paused,2026-04-17T06:13:00+00:00,
6170,2870,live,2026-06-09T12:35:00+00:00,
6171,2872,live,2026-06-09T17:12:00+00:00,
6172,2873,paused,2026-02-16T02:03:00+00:00,2026/02/13 15:10
6173,2874,live,2026-04-03T02:32:00+00:00,
6174,2877,live,2026-01-29T11:55:00+00:00,
6175,2879,paused,2026-02-17T21:20:00+00:00,
6176,2880,live,2026-02-13T10:24:00+00:00,
6177,2881,live,2026/01/16 17:39,
6178,2882,live,2026-03-24T23:59:00+00:00,
6179,2884,live,2026-03-17T08:44:00+00:00,
6180,2885,paused,2026/03/23 01:53,
6181,2886,declined,2026-05-04T02:39:00+00:00,
6182,2887,paused,2026-03-26T18:49:00+00:00,
6183,2888,live,2026/01/28 04:41,
6184,2891,live,2026-02-01T19:01:00+00:00,
6185,2893,paused,2026/04/20 07:04,
6186,2894,paused,2026/02/17 07:56,
6187,2895,live,2026-05-09T19:32:00+00:00,
6188,2896,live,2026-04-11T16:36:00+00:00,
6189,2898,live,2026-06-01T03:37:00+00:00,
6190,2900,declined,2026-04-20T09:57:00+00:00,
6191,2902,declined,2026-03-21T14:40:00+00:00,
6192,2905,live,2026-04-28T19:04:00+00:00,
6193,2906,live,2026-01-31T18:48:00+00:00,
6194,2908,paused,2026-04-13T05:55:00+00:00,
6195,2909,paused,2026/04/30 22:25,
6196,2911,live,2026-02-24T00:56:00+00:00,
6197,2912,live,2026-03-22T00:10:00+00:00,
6198,2913,live,2026-02-01T00:31:00+00:00,
6199,2914,live,2026-04-04T11:17:00+00:00,
6200,2916,paused,2026-04-05T22:53:00+00:00,
6201,2917,paused,2026-05-18T10:03:00+00:00,
6202,2918,declined,2026-03-02T08:09:00+00:00,
6203,2919,live,2026-04-23T09:36:00+00:00,
6204,2920,live,2026-01-13T08:32:00+00:00,
6205,2922,declined,2026-01-23T11:49:00+00:00,
6206,2923,paused,2026-04-01T21:10:00+00:00,2026-03-07T09:40:00+00:00
6207,2924,paused,2026-03-07T16:16:00+00:00,
6208,2926,live,2026-04-17T04:30:00+00:00,
6209,2928,live,2026-06-06T01:40:00+00:00,
6210,2929,paused,2026-01-09T23:15:00+00:00,
6211,2930,declined,2026-02-21T19:21:00+00:00,
6212,2932,live,2026/03/20 06:37,
6213,2934,live,2026-03-25T14:39:00+00:00,
6214,2935,live,2026-06-19T23:06:00+00:00,
6215,2936,declined,2026-06-06T02:58:00+00:00,
6216,2937,live,2026-03-03T12:55:00+00:00,
6217,2939,paused,2026-05-07T17:47:00+00:00,
6218,2940,live,2026-01-29T11:36:00+00:00,
6219,2942,paused,2026-01-15T09:31:00+00:00,
6220,2944,live,2026-02-27T10:19:00+00:00,2026-02-15T13:16:00+00:00
6221,2946,live,2026-02-12T19:27:00+00:00,
6222,2948,live,2026-04-21T12:23:00+00:00,
6223,2950,live,2026-04-08T11:10:00+00:00,
6224,2951,live,2026/01/06 14:28,
6225,2952,live,2026-02-03T16:41:00+00:00,
6226,2953,paused,2026-02-14T13:59:00+00:00,
6227,2954,live,2026-02-17T07:31:00+00:00,
6228,2956,declined,2026-03-13T09:29:00+00:00,
6229,2958,declined,2026-04-11T23:23:00+00:00,2026-01-17T05:44:00+00:00
6230,2959,live,2026-05-27T05:42:00+00:00,
6231,2960,paused,2026-02-27T18:03:00+00:00,
6232,2962,declined,2026/02/23 00:13,
6233,2964,paused,2026-01-31T02:15:00+00:00,
6234,2969,declined,2026-02-26T19:07:00+00:00,
6235,2972,paused,2026-06-01T22:23:00+00:00,
6236,2974,live,2026-03-30T16:30:00+00:00,
6237,2976,live,2026/05/30 18:15,
6238,2977,live,2026-06-01T15:03:00+00:00,
6239,2978,live,2026-02-04T15:33:00+00:00,
6240,2979,live,2026-05-15T07:30:00+00:00,
6241,2980,live,2026-01-02T04:19:00+00:00,
6242,2981,declined,2026-05-09T03:42:00+00:00,
6243,2984,live,2026-02-17T04:31:00+00:00,
6244,2985,declined,2026-03-29T19:27:00+00:00,
6245,2986,live,2026-01-23T13:22:00+00:00,
6246,2987,live,2026-02-06T23:02:00+00:00,
6247,2988,declined,2026-04-04T02:36:00+00:00,
6248,2989,live,2026-05-27T09:44:00+00:00,
6249,2990,paused,2026-01-20T15:56:00+00:00,
6250,2991,paused,2026-05-12T04:31:00+00:00,
6251,2992,declined,2026-04-13T04:22:00+00:00,
6252,2994,paused,2026-03-03T16:44:00+00:00,
6253,2999,live,2026-03-07T08:22:00+00:00,
6254,3000,paused,2026-04-22T09:26:00+00:00,
6255,3002,declined,2026-06-10T23:26:00+00:00,
6256,3004,paused,2026-04-27T01:14:00+00:00,
6257,3005,live,2026-04-28T06:12:00+00:00,
6258,3006,live,2026-04-18T07:05:00+00:00,
6259,3007,live,2026-05-03T03:46:00+00:00,
6260,3008,declined,2026-02-27T17:58:00+00:00,
6261,3009,paused,2026-01-15T13:09:00+00:00,
6262,3011,declined,2026-03-06T02:09:00+00:00,
6263,3012,declined,2026-02-22T16:03:00+00:00,
6264,3013,live,2026-01-09T21:30:00+00:00,
6265,3014,live,2026-05-21T20:05:00+00:00,
6266,3015,paused,2026-02-17T00:25:00+00:00,
6267,3018,declined,2026/03/13 20:32,
6268,3019,live,2026-06-06T03:19:00+00:00,
6269,3020,paused,2026-05-13T20:57:00+00:00,
6270,3022,live,2026-05-26T06:29:00+00:00,2026-06-05T00:55:00+00:00
6271,3023,declined,2026-01-12T04:13:00+00:00,
6272,3024,live,2026-06-05T01:04:00+00:00,
6273,3025,live,2026-02-09T13:02:00+00:00,
6274,3027,paused,2026-04-21T13:02:00+00:00,
6275,3028,live,2026-01-31T13:30:00+00:00,
6276,3029,live,2026-04-26T23:10:00+00:00,
6277,3030,paused,2026/06/15 14:14,
6278,3032,live,2026-04-23T07:54:00+00:00,
6279,3034,paused,2026-03-16T18:47:00+00:00,
6280,3038,live,2026-03-26T19:09:00+00:00,
6281,3039,live,2026-05-09T13:41:00+00:00,
6282,3040,live,2026-02-25T05:45:00+00:00,
6283,3045,paused,2026-04-16T03:42:00+00:00,
6284,3046,live,2026-01-28T18:21:00+00:00,
6285,3048,declined,2026/04/12 23:36,
6286,3049,declined,2026-05-29T00:09:00+00:00,
6287,3050,declined,2026-02-27T16:19:00+00:00,
6288,3052,live,2026-02-05T18:00:00+00:00,2026-05-13T23:20:00+00:00
6289,3055,live,2026-01-16T22:26:00+00:00,
6290,3056,declined,2026-02-12T22:32:00+00:00,
6291,3057,paused,2026-04-02T17:14:00+00:00,
6292,3059,live,2026-06-09T17:52:00+00:00,
6293,3061,declined,2026-02-25T02:07:00+00:00,2026-02-23T13:59:00+00:00
6294,3062,declined,2026-05-03T02:26:00+00:00,
6295,3063,live,2026/02/05 20:22,
6296,3064,live,2026-03-13T15:02:00+00:00,
6297,3068,live,2026-03-10T14:55:00+00:00,
6298,3069,declined,2026-02-26T08:06:00+00:00,
6299,3070,declined,2026/04/04 07:38,
6300,3071,paused,2026-02-10T04:20:00+00:00,
6301,3072,live,2026-02-28T10:08:00+00:00,
6302,3073,live,2026-04-17T05:48:00+00:00,
6303,3074,declined,2026-05-10T22:58:00+00:00,
6304,3075,declined,2026-04-27T15:18:00+00:00,
6305,3077,live,2026-01-28T14:21:00+00:00,
6306,3078,live,2026-05-20T08:27:00+00:00,
6307,3081,declined,2026-02-14T00:40:00+00:00,
6308,3084,paused,2026-05-14T00:20:00+00:00,
6309,3087,paused,2026-04-07T18:58:00+00:00,2026-01-10T16:03:00+00:00
6310,3088,live,2026-03-29T13:46:00+00:00,
6311,3089,live,2026/04/24 16:16,
6312,3093,paused,2026-01-17T17:57:00+00:00,
6313,3094,declined,2026-03-29T04:31:00+00:00,
6314,3095,live,2026-01-12T17:08:00+00:00,
6315,3096,declined,2026/04/26 14:33,
6316,3098,live,2026/04/29 05:25,2026/03/09 10:52
6317,3101,paused,2026/04/13 19:23,
6318,3104,live,2026-01-19T11:36:00+00:00,
6319,3105,live,2026-05-25T23:51:00+00:00,
6320,3106,live,2026-03-09T12:55:00+00:00,
6321,3107,live,2026-05-29T09:35:00+00:00,
6322,3108,live,2026-03-20T21:27:00+00:00,
6323,3110,live,2026/03/14 19:12,
6324,3111,paused,2026-05-03T19:10:00+00:00,
6325,3112,live,2026/02/09 02:47,
6326,3113,paused,2026/06/16 22:43,
6327,3116,live,2026/03/08 02:38,
6328,3117,declined,2026-06-11T18:21:00+00:00,
6329,3118,live,2026-04-08T12:09:00+00:00,
6330,3119,paused,2026-03-24T03:34:00+00:00,
6331,3122,live,2026-05-31T20:32:00+00:00,
6332,3124,declined,2026-04-09T11:51:00+00:00,
6333,3125,live,2026-06-08T18:09:00+00:00,
6334,3127,live,2026-02-06T15:43:00+00:00,
6335,3128,live,2026-03-22T08:36:00+00:00,
6336,3129,paused,2026/02/02 17:52,
6337,3134,live,2026-05-24T15:33:00+00:00,
6338,3135,live,2026-02-02T16:20:00+00:00,
6339,3136,live,2026-02-13T00:40:00+00:00,
6340,3137,live,2026-01-10T21:54:00+00:00,
6341,3139,live,2026/03/29 23:49,
6342,3140,live,2026-03-26T14:06:00+00:00,
6343,3145,live,2026-05-12T13:54:00+00:00,
6344,3146,paused,2026-02-19T10:18:00+00:00,
6345,3147,declined,2026-01-14T10:14:00+00:00,
6346,3149,live,2026-04-29T14:35:00+00:00,
6347,3150,live,2026-05-21T15:59:00+00:00,
6348,3152,paused,2026-04-09T23:10:00+00:00,
6349,3156,paused,2026-02-27T19:58:00+00:00,
6350,3158,declined,2026-05-18T01:09:00+00:00,
6351,3160,declined,2026-05-27T23:10:00+00:00,
6352,3161,live,2026-03-01T12:12:00+00:00,
6353,3164,paused,2026-01-18T02:41:00+00:00,
6354,3166,live,2026-03-16T14:33:00+00:00,
6355,3167,paused,2026-03-29T02:34:00+00:00,2026-06-06T09:45:00+00:00
6356,3172,live,2026-06-09T23:28:00+00:00,
6357,3173,paused,2026-06-16T17:33:00+00:00,
6358,3174,declined,2026-03-12T08:04:00+00:00,
6359,3175,declined,2026-06-13T21:50:00+00:00,
6360,3176,live,2026-06-11T14:57:00+00:00,
6361,3177,live,2026-01-10T03:06:00+00:00,
6362,3178,declined,2026-06-01T21:46:00+00:00,
6363,3181,paused,2026-04-10T09:29:00+00:00,
6364,3182,live,2026-02-05T08:07:00+00:00,
6365,3183,live,2026-06-13T08:38:00+00:00,
6366,3186,live,2026-01-20T15:27:00+00:00,
6367,3187,live,2026-02-17T11:36:00+00:00,
6368,3190,declined,2026/03/01 09:00,
6369,3191,live,2026-03-06T23:13:00+00:00,2026/05/03 16:38
6370,3194,live,2026/04/12 03:25,
6371,3196,paused,2026-03-21T08:55:00+00:00,
6372,3197,live,2026-06-11T00:13:00+00:00,
6373,3199,declined,2026-05-19T04:17:00+00:00,
6374,3201,declined,2026-03-16T04:21:00+00:00,
6375,3204,live,2026/05/04 05:22,
6376,3205,live,2026-04-14T14:16:00+00:00,
6377,3209,live,2026/03/13 07:59,
6378,3213,live,2026/03/08 02:56,
6379,3216,paused,2026-02-23T11:28:00+00:00,
6380,3218,declined,2026-04-14T03:48:00+00:00,
6381,3219,declined,2026-01-10T19:21:00+00:00,
6382,3220,live,2026-03-27T00:55:00+00:00,
6383,3221,live,2026-01-17T09:45:00+00:00,
6384,3222,live,2026-06-19T20:27:00+00:00,
6385,3224,live,2026-05-06T15:49:00+00:00,
6386,3225,live,2026-01-10T13:17:00+00:00,
6387,3226,live,2026-04-09T08:53:00+00:00,
6388,3227,paused,2026-03-11T22:51:00+00:00,
6389,3228,paused,2026/03/14 03:54,
6390,3229,declined,2026-05-12T15:56:00+00:00,
6391,3230,live,2026-05-30T04:55:00+00:00,
6392,3231,live,2026/06/18 01:08,
6393,3232,paused,2026-05-06T21:00:00+00:00,
6394,3233,live,2026-03-26T16:20:00+00:00,
6395,3234,declined,2026-04-09T05:45:00+00:00,
6396,3235,declined,2026-05-22T19:22:00+00:00,2026-02-02T22:41:00+00:00
6397,3238,paused,2026-04-25T06:45:00+00:00,
6398,3239,live,2026-01-30T15:03:00+00:00,
6399,3240,live,2026-03-25T23:20:00+00:00,
6400,3241,paused,2026-05-17T07:13:00+00:00,
6401,3242,live,2026-02-16T18:09:00+00:00,
6402,3243,live,2026-02-24T16:14:00+00:00,
6403,3244,live,2026-02-25T10:14:00+00:00,
6404,3245,declined,2026-04-24T20:58:00+00:00,
6405,3246,live,2026-04-04T19:18:00+00:00,
6406,3247,declined,2026/02/15 14:37,2026-02-17T02:30:00+00:00
6407,3248,declined,2026-03-20T08:13:00+00:00,
6408,3250,live,2026-05-03T03:58:00+00:00,
6409,3252,paused,2026-05-08T18:51:00+00:00,
6410,3253,live,2026-02-16T14:27:00+00:00,2026-03-06T21:55:00+00:00
6411,3257,paused,2026-03-01T06:07:00+00:00,2026-06-10T04:26:00+00:00
6412,3258,live,2026-05-24T01:43:00+00:00,2026-06-03T19:16:00+00:00
6413,3259,live,2026-05-08T04:51:00+00:00,2026-04-15T10:31:00+00:00
6414,3260,live,2026-06-13T19:58:00+00:00,
6415,3261,live,2026-05-24T12:46:00+00:00,
6416,3262,declined,2026-04-20T05:15:00+00:00,
6417,3263,live,2026-01-14T03:21:00+00:00,
6418,3264,live,2026-04-08T04:58:00+00:00,
6419,3266,declined,2026-03-03T07:42:00+00:00,
6420,3269,live,2026-05-30T22:58:00+00:00,
6421,3270,live,2026-01-25T00:17:00+00:00,
6422,3271,declined,2026-01-21T09:14:00+00:00,
6423,3272,declined,2026-01-09T19:03:00+00:00,
6424,3275,paused,2026-05-20T17:46:00+00:00,
6425,3277,paused,2026-05-14T15:57:00+00:00,2026-04-24T17:09:00+00:00
6426,3278,live,2026-03-08T17:13:00+00:00,
6427,3282,live,2026/05/04 10:06,
6428,3284,live,2026-05-23T03:31:00+00:00,2026-03-31T22:09:00+00:00
6429,3286,paused,2026-04-06T03:01:00+00:00,
6430,3288,live,2026-06-08T21:00:00+00:00,
6431,3289,live,2026-06-12T13:22:00+00:00,
6432,3291,declined,2026/06/07 19:37,
6433,3293,live,2026-05-28T06:31:00+00:00,
6434,3294,live,2026-02-24T06:20:00+00:00,
6435,3295,live,2026-01-20T17:15:00+00:00,
6436,3296,live,2026-01-30T21:25:00+00:00,
6437,3298,paused,2026/01/11 23:57,
6438,3299,live,2026/05/12 08:28,
6439,3302,declined,2026-06-12T22:54:00+00:00,
6440,3304,live,2026-01-19T19:39:00+00:00,
6441,3306,live,2026-02-06T09:20:00+00:00,
6442,3307,paused,2026-05-15T12:26:00+00:00,
6443,3308,live,2026-05-18T23:36:00+00:00,
6444,3309,paused,2026-03-18T00:28:00+00:00,
6445,3310,declined,2026-03-01T12:28:00+00:00,
6446,3311,live,2026-04-21T11:37:00+00:00,
6447,3312,live,2026-03-15T10:13:00+00:00,
6448,3313,declined,2026-03-17T09:57:00+00:00,
6449,3314,live,2026-01-15T10:50:00+00:00,
6450,3315,live,2026-03-27T13:54:00+00:00,
6451,3316,live,2026-01-09T09:23:00+00:00,
6452,3318,live,2026-02-02T00:41:00+00:00,
6453,3319,declined,2026/01/07 07:10,
6454,3320,live,2026-04-08T18:30:00+00:00,
6455,3322,declined,2026-01-25T09:41:00+00:00,
6456,3323,live,2026-05-22T11:58:00+00:00,
6457,3324,live,2026-04-14T03:53:00+00:00,
6458,3328,live,2026-04-09T01:50:00+00:00,
6459,3329,live,2026-06-03T05:57:00+00:00,
6460,3330,declined,2026-06-04T02:07:00+00:00,
6461,3332,declined,2026-02-27T19:11:00+00:00,
6462,3334,live,2026-01-13T21:11:00+00:00,
6463,3336,live,2026-01-11T23:00:00+00:00,
6464,3337,live,2026-02-08T02:42:00+00:00,
6465,3338,live,2026-01-26T00:01:00+00:00,
6466,3339,live,2026-03-28T14:41:00+00:00,
6467,3340,paused,2026/05/12 17:57,
6468,3343,live,2026-04-11T00:37:00+00:00,
6469,3346,live,2026/03/22 07:41,
6470,3347,declined,2026-04-28T01:37:00+00:00,2026-02-14T05:53:00+00:00
6471,3348,paused,2026-04-13T04:56:00+00:00,
6472,3349,paused,2026-02-07T12:49:00+00:00,
6473,3350,live,2026-05-26T04:41:00+00:00,
6474,3351,declined,2026-01-21T08:27:00+00:00,
6475,3353,paused,2026-03-07T13:56:00+00:00,
6476,3354,live,2026-02-13T19:32:00+00:00,
6477,3360,live,2026-03-26T00:39:00+00:00,
6478,3361,live,2026-02-14T08:52:00+00:00,
6479,3362,live,2026-05-07T04:01:00+00:00,
6480,3363,live,2026-05-07T19:52:00+00:00,
6481,3364,paused,2026-02-25T03:24:00+00:00,
6482,3366,paused,2026-03-10T13:44:00+00:00,
6483,3367,live,2026-04-23T23:18:00+00:00,
6484,3369,live,2026-03-18T11:20:00+00:00,
6485,3371,live,2026-04-26T06:17:00+00:00,
6486,3379,paused,2026/01/10 09:46,
6487,3381,declined,2026-02-21T04:31:00+00:00,
6488,3382,live,2026-04-21T07:49:00+00:00,
6489,3384,live,2026-02-09T15:15:00+00:00,
6490,3385,live,2026-03-12T07:18:00+00:00,
6491,3386,declined,2026-05-18T01:55:00+00:00,
6492,3390,paused,2026-05-31T16:43:00+00:00,
6493,3394,live,2026-02-16T18:28:00+00:00,
6494,3395,declined,2026-02-04T20:44:00+00:00,2026-01-19T08:27:00+00:00
6495,3396,declined,2026-04-29T11:18:00+00:00,
6496,3397,paused,2026-06-07T02:56:00+00:00,
6497,3398,live,2026-02-20T04:34:00+00:00,
6498,3399,live,2026/01/04 15:13,
5052,1088,paused,2026-03-18T12:49:00+00:00,
5199,1316,live,2026-05-17T21:10:00+00:00,
5289,1445,live,2026-04-20T04:05:00+00:00,
5393,1601,declined,2026-04-23T04:01:00+00:00,
5449,1687,live,2026-05-16T17:25:00+00:00,
5484,1748,live,2026-04-01T22:13:00+00:00,
5556,1875,paused,2026-03-07T19:35:00+00:00,
5568,1893,live,2026-02-01T21:30:00+00:00,
5654,2027,live,2026-03-02T21:37:00+00:00,
5697,2108,live,2026-01-26T04:36:00+00:00,
5725,2148,live,2026-06-15T00:35:00+00:00,
5783,2238,live,2026-04-14T00:16:00+00:00,2026-03-07T06:49:00+00:00
5876,2373,declined,2026-05-13T03:28:00+00:00,
5907,2431,live,2026-05-27T11:35:00+00:00,
5939,2487,live,2026-02-13T22:15:00+00:00,
6050,2670,paused,2026-04-07T05:53:00+00:00,
6081,2720,declined,2026-02-05T18:47:00+00:00,
6082,2721,live,2026-03-01T16:54:00+00:00,
6161,2852,live,2026-03-26T01:03:00+00:00,
6170,2870,live,2026-06-09T12:35:00+00:00,
6175,2879,paused,2026-02-17T21:20:00+00:00,
6226,2953,paused,2026-02-14T13:59:00+00:00,
6406,3247,declined,2026/02/15 14:37,2026-02-17T02:30:00+00:00
6428,3284,live,2026-05-23T03:31:00+00:00,2026-03-31T22:09:00+00:00
6443,3308,live,2026-05-18T23:36:00+00:00,
6454,3320,live,2026-04-08T18:30:00+00:00,
